disease,user_text,symptoms
allergy," I’ve been sneezing a lot today and my nose feels congested.  I’m not sure. Maybe pollen?  Yes, my eyes are itchy too.","['itching', 'nasal_congestion', 'sneezing', 'watery_eyes']"
allergy," I’ve developed a rash after eating some strawberries.  Yes, but this time I ate a lot of them.",['rash']
allergy," My eyes are swollen and itchy, and I can’t stop sneezing.  Yes, I usually get allergies in the spring.","['itching', 'sneezing', 'swelling', 'watery_eyes']"
allergy, I’ve been getting headaches and a stuffy nose for a few days.  I think it’s allergies because I’ve been around pets a lot.,"['headache', 'nasal_congestion']"
allergy," Every time I eat nuts, my mouth itches.  No, it’s just the itching.",['itching']
allergy," I’ve been feeling a bit wheezy and have tightness in my chest.  I’ve had asthma in the past, so it might be related.",['chest_pain']
allergy," I get a runny nose and itchy skin when I’m outside.  Yes, especially in the spring.","['itching', 'runny_nose']"
allergy, I’ve been coughing a lot and my eyes are red and watery.  I’ve been spending a lot of time in a garden.,"['cough', 'skin_redness', 'watery_eyes']"
allergy," I’m feeling really tired and have itchy skin.  Yes, I changed my soap.","['fatigue', 'itching']"
allergy," My throat is scratchy, and I’ve been sneezing a lot today.  I’ve had allergies before, mostly in the spring.","['sneezing', 'sore_throat']"
allergy, I noticed my skin breaking out after using a new lotion.  Maybe the fragrance.,['pimples']
allergy," I feel like I’m always congested, especially at night.  Yes, it’s worse at night when I’m in bed.",['nasal_congestion']
allergy, I have a lot of sneezing fits in the morning.  I haven’t tried that yet.,['sneezing']
allergy," I get itchy eyes and a stuffy nose whenever I go near my friend’s dog.  I haven’t, but I will try it next time.","['itching', 'nasal_congestion', 'watery_eyes']"
allergy," I’ve been having trouble breathing and coughing a lot.  Yes, I was around some smoke.","['cough', 'shortness_of_breath']"
allergy," I’ve noticed I’m getting a lot of hives after eating shellfish.  Yes, but it wasn’t as severe this time.",[]
allergy," I have red patches on my skin that are really itchy.  Yes, I used a new laundry detergent.","['itching', 'rash', 'skin_patches', 'skin_redness']"
allergy," I’ve been feeling itchy after being outside for a while.  Yes, mostly in the spring.",['itching']
allergy, I’m having trouble breathing and wheezing.  I’m allergic to dust.,"['shortness_of_breath', 'wheezing']"
allergy," My skin feels irritated, and I’ve noticed some swelling around my eyes.  I’ve been around a lot of pollen lately.",['swelling']
allergy," I’m sneezing a lot, and my throat feels scratchy.  Yes, I’ve been spending time in the garden.",['sneezing']
allergy, I’m feeling a little dizzy and itchy.  I had a new salad dressing with a lot of spices.,"['dizziness', 'itching']"
allergy," I keep getting itchy rashes on my arms and legs.  Yes, I started using a new lotion.","['itching', 'rash']"
allergy," I’ve been feeling tired, and my eyes are watering.  Yes, I’ve been near my cat.",['fatigue']
allergy," I’ve been getting headaches and a stuffy nose lately.  I’ve been working in a basement, which might have mold.","['headache', 'nasal_congestion']"
allergy," I’ve noticed that every time I go near a flower shop, my eyes start itching.  Yes, my nose gets stuffy, and I start sneezing a lot.  I’ll try that next time! Is there anything else I should do to help with the symptoms?","['itching', 'nasal_congestion', 'sneezing']"
allergy," I’ve been feeling a little off lately—itchy throat, watery eyes, and sneezing.  I’ve been cleaning the house a lot, so maybe it’s the dust.  I’ll try that. What about my eyes? They’ve been watering non-stop.","['itching', 'sneezing', 'watery_eyes']"
allergy," I ate some peanuts today and noticed my lips and tongue swelling a bit.  Yes, I’ve had mild reactions before, but this feels worse.  I’ll keep my EpiPen with me from now on. Thanks for the advice!",['swelling']
allergy," I’ve been waking up with a scratchy throat and watery eyes every day this week.  It’s usually worse in the mornings, but it gets better throughout the day.  I’ll give that a try!","['sore_throat', 'watery_eyes']"
allergy," I’ve noticed that whenever I eat dairy, my skin starts itching and I get some hives.  Yes, but it’s never been this bad.  I’ll try cutting dairy out and see if it helps.",['itching']
allergy," I’ve been feeling a bit dizzy and itchy after being outside for a while.  Yes, I was in the park and near a lot of flowers.  I’ll take one before going out next time. Should I avoid parks altogether?","['dizziness', 'itching']"
allergy," My skin feels really dry and itchy, and I noticed some red patches.  Yes, I changed my laundry detergent to a scented one.  I’ll try that. Should I use any special creams for the itching?","['itching', 'rash', 'skin_patches', 'skin_redness']"
allergy," I’ve been getting sneezing fits and a runny nose every time I’m in my friend’s house.  Yes, she has two cats.  I’ll try taking medication next time. Should I mention it to her?","['runny_nose', 'sneezing']"
allergy," I’ve been getting a lot of stomach issues after eating certain foods.  I think it’s gluten. Every time I eat bread or pasta, I feel bloated and uncomfortable.  I’ll avoid gluten and talk to my doctor. Thanks for the suggestion!",['bloating']
allergy," My eyes have been itching, and I’m sneezing a lot lately.  Yes, I’ve been hiking more recently.  I’ll definitely try that next time. Any other tips?","['itching', 'sneezing']"
allergy," My skin is super sensitive right now, and I’ve been getting rashes in certain spots.  Yes, I started using a new moisturizer.  I’ll switch to something more sensitive. Thanks for the tip!",['rash']
allergy," I’m experiencing some tightness in my chest, and I’m coughing a lot.  Yes, I’m allergic to dust and pollen.  I’ll do that. Should I take any allergy medicine too?","['chest_pain', 'cough']"
allergy," My throat feels scratchy, and I’ve been sneezing non-stop.  I’ve been walking through a park every day.  I’ll try that. Can I use nasal spray too?",['sneezing']
allergy," I’ve noticed a rash around my neck after wearing a new scarf.  Yes, I’ve always had sensitive skin.  I’ll stop wearing it for now and see if that helps. Thanks!",['rash']
allergy," I’ve been feeling really fatigued lately, along with a stuffy nose and itchy eyes.  Yes, I’ve been spending more time outside with all the spring flowers blooming.  I’ve been using eye drops, but it doesn’t seem to help much.  I’ll give that a shot. Do you think it’s also affecting my sleep? I’ve been waking up feeling really drained.  Thanks! I’ll try that and see if it helps.","['fatigue', 'itching', 'nasal_congestion', 'watery_eyes']"
bronchial asthma," I’ve been coughing a lot lately, especially at night. Could it be asthma?  Yes, sometimes I feel a tightness in my chest.  I think cold air makes it worse.  Should I see a doctor about this?","['chest_pain', 'cough']"
bronchial asthma," I’ve been using an inhaler for my asthma, but it doesn’t seem to help much anymore.  I use it every day, but I’m still having flare-ups.  Not yet, but I will.",[]
bronchial asthma," I’ve been feeling short of breath recently. Could it be asthma?  Yes, I’ve had it since childhood, but it’s been under control.  No, nothing specific has changed.",['shortness_of_breath']
bronchial asthma," I get wheezy after exercise, especially during cold weather.  I haven’t been using it before exercise.  I’ll try that next time.",[]
bronchial asthma," My asthma seems worse when I’m around pets. Is that normal?  Yes, I have a cat.  Will that help with the asthma symptoms?",[]
bronchial asthma," I’ve been noticing more wheezing in the morning. Is that a sign of asthma?  Yes, I’ve had asthma for years, and I have seasonal allergies.  I should probably visit my doctor.",['wheezing']
bronchial asthma," I’ve been getting tightness in my chest, especially when I’m sleeping. Could this be asthma?  Yes, both.  I’ve been using my inhaler, but it’s not helping much at night.",['chest_pain']
bronchial asthma, I’ve noticed that my asthma gets worse when the weather changes. Is this common?  I start wheezing and coughing when it gets colder.  Should I take my inhaler before going out in cold weather?,"['cough', 'wheezing']"
bronchial asthma," Can stress make my asthma worse?  Yes, I feel more short of breath when I’m stressed.  I’ll try those techniques.",['shortness_of_breath']
bronchial asthma," I was recently diagnosed with asthma, but I’m not sure how to manage it.  Yes, my doctor gave me an inhaler for when I have symptoms.  What else should I be doing to manage my asthma?",[]
bronchial asthma, I get asthma symptoms when I’m around smoke. What can I do?  What if I can’t avoid it?  Should I carry my inhaler with me all the time?,[]
bronchial asthma," I’ve been feeling fatigued more often lately, could it be my asthma?  I wake up several times a night because of wheezing.  I’ll talk to my doctor about adjusting my medication.","['fatigue', 'wheezing']"
bronchial asthma," Can cold viruses trigger asthma symptoms?  Yes, I have a bit of a runny nose and cough.  Should I take extra precautions when I’m sick?","['cough', 'runny_nose']"
bronchial asthma, My asthma gets worse when I exercise. What can I do about it?  Will this prevent the wheezing?  What if I still experience wheezing despite using my inhaler?,['wheezing']
bronchial asthma, I’m worried about using my inhaler too often. Is it safe?  I’ve been using it multiple times a day lately.  Should I be using another type of medication for long-term control?,[]
bronchial asthma," I sometimes feel like I can’t catch my breath after I laugh too hard. Could it be asthma?  Yes, I get wheezing, especially when I’m laughing or exercising.  Would my doctor be able to help with this?",['wheezing']
bronchial asthma," I’ve been feeling congested and have a cough. Could this be related to asthma?  Yes, I’ve been coughing more than usual, especially at night.  Should I use my inhaler more often?","['cough', 'nasal_congestion']"
bronchial asthma," I get asthma flare-ups when I’m exposed to pollen. Is there anything I can do?  I’ve tried antihistamines, but they don’t seem to help much.  Should I avoid going outside when pollen levels are high?",[]
bronchial asthma," I’ve been using my inhaler more frequently, but it’s still hard to breathe at times.  No, I haven’t seen my doctor in a while.  What if I need a stronger inhaler?",['shortness_of_breath']
bronchial asthma, I get asthma symptoms when I’m exposed to smoke. What can I do?  What should I do if I have an asthma attack after exposure to smoke?  Should I avoid all places where there could be smoke?,[]
bronchial asthma," I’ve been taking my asthma medication, but I’m still experiencing wheezing. Should I be concerned?  I’m wheezing almost every day, especially in the morning.  What changes could my doctor make to my treatment?",['wheezing']
bronchial asthma," I’ve heard that breathing exercises can help with asthma. Is that true?  I haven’t, but I’m open to trying.  Should I do these exercises daily?",[]
bronchial asthma," My asthma symptoms seem to worsen in the winter. Is there a reason for this?  Yes, I start wheezing and coughing when I go outside.  Should I use my inhaler before going outside in cold weather?","['cough', 'wheezing']"
bronchial asthma," I get asthma attacks at night. What can I do to prevent this?  No, just a rescue inhaler.  I’ll schedule an appointment with my doctor.",[]
bronchial asthma," I’m having trouble breathing after I’ve been walking for a while. Could it be asthma?  Yes, I’ve been wheezing and feeling tight in my chest.  Should I stop walking if this happens again?","['chest_pain', 'shortness_of_breath', 'wheezing']"
bronchial asthma," I’ve been noticing more coughing lately, but I’m not sure if it’s asthma or something else.  Yes, I do. I’ve also been feeling a tightness in my chest.  Should I be using my inhaler more frequently?","['chest_pain', 'cough']"
bronchial asthma," I feel like my asthma is getting worse as I age. Is that normal?  I’ve been more out of breath than usual, especially when I exert myself.  Should I be concerned?",['shortness_of_breath']
bronchial asthma," I’ve been feeling very breathless at work, especially when I'm running around. Could it be asthma?  Yes, I do. I also feel tightness in my chest.  I’ll definitely do that.","['chest_pain', 'shortness_of_breath']"
bronchial asthma," I’ve heard asthma can be triggered by certain foods. Is that true?  I’m not sure, but I’ve had some reactions after eating dairy.  I’ll try cutting back on dairy and see if it helps.",[]
bronchial asthma," I get asthma flare-ups when I’m near cleaning products. What can I do?  I’ve already switched to natural products, but I’m still having issues.  Should I be using my inhaler when I clean?",[]
bronchial asthma," My asthma is under control, but I still sometimes get a cough. Should I be worried?  It usually happens in the morning.  I’ll mention it to my doctor at my next visit.",['cough']
bronchial asthma," I’ve been using a rescue inhaler for my asthma attacks, but I feel like it doesn’t always work. What should I do?  I’m using it several times a week.  Should I try a different type of inhaler?",[]
bronchial asthma, I’ve heard exercise is good for asthma. Is that true?  Are there any types of exercise I should avoid?  I’ll stick to swimming.,[]
bronchial asthma," I was diagnosed with asthma as a child, but I feel fine now. Can I outgrow it?  No, I feel fine, but I’m concerned about future flare-ups.  I will, thanks!",[]
bronchial asthma," My asthma was well-controlled for years, but now I’m starting to experience symptoms again. What could have changed?  I think my allergies have gotten worse recently.  I’ll talk to my doctor about it.",[]
bronchial asthma," Can air pollution make my asthma worse?  Yes, I do.  Should I use my inhaler when air quality is bad?",[]
bronchial asthma," I’ve noticed that my asthma symptoms seem to get worse when I’m stressed.  I haven’t, but I’m willing to try.",[]
bronchial asthma," I get asthma symptoms whenever I’m exposed to dust. What can I do?  I try to keep the house clean, but I still seem to have symptoms.  I’ll try using an air purifier and a mask.",[]
bronchial asthma," I’ve been told to get a flu shot since I have asthma. Should I get it?  No, I haven’t.  I’ll make an appointment to get it.",[]
bronchial asthma, I’ve been having trouble sleeping because of my asthma symptoms. What can I do?  I haven’t been using my inhaler at night. Should I start?  I’ll make an appointment to discuss this.,[]
malaria," I’ve been having fever episodes that come and go.  About five days now.  Yes, I get chills before the fever, and my head hurts a lot.  Yes, I just came back from a trip to a tropical region.","['chills', 'fever', 'headache']"
malaria," I’ve been feeling very weak and have recurring fevers.  They happen every second day and last for a few hours.  Yes, chills before the fever and sweating after.  Yes, I visited a village last month.","['chills', 'fatigue', 'fever', 'sweating']"
malaria," My child has had a high fever on and off for days.  It seems to spike every two days, and he’s been very tired and sweating a lot.  Yes, we were in a rural area last week.","['fatigue', 'fever', 'sweating']"
malaria," I’ve been sweating a lot and have a fever that won’t go away.  About a week now.  Yes, all of those, especially the chills before the fever.  Yes, I went camping near a lake.","['chills', 'fever', 'sweating']"
malaria," My fevers are unpredictable, and I feel drained all the time.  Yes, chills before and sweating after the fever breaks.  Yes, nausea and body aches too.  Yes, I was in a tropical area two weeks ago.","['chills', 'fatigue', 'fever', 'muscle_pain', 'nausea', 'sweating']"
malaria," I feel feverish every few days and have no energy.  Yes, I get chills and then sweat a lot after the fever.  Yes, I went on a safari trip a few weeks ago.","['chills', 'fever', 'sweating']"
malaria," I’ve had a recurring fever and muscle aches.  For a week, and the fever seems to spike every other day.  Yes, both, and I feel extremely tired afterward.  Yes, I was in a rural area for work.","['fatigue', 'fever', 'muscle_pain']"
malaria," I’ve been shivering, and my fever keeps returning.  About four days, and I have headaches and feel nauseous too.  Yes, I was in Southeast Asia last month.","['chills', 'fever', 'headache', 'nausea']"
malaria," My child has a high fever and doesn’t want to eat.  Yes, the fever spikes every other day, and he’s very weak.  Yes, we visited a village a few weeks ago.","['fatigue', 'fever']"
malaria," I’ve been sweating and having severe chills with a fever.  Almost every other day, and they last a few hours.  Yes, all of those.  Yes, I was in a tropical region last month.","['chills', 'fever', 'sweating']"
malaria," I have a fever that keeps coming back, and I feel exhausted.  Every second day, and I have chills, sweating, and headaches.  Yes, I went hiking in a forest two weeks ago.","['chills', 'fatigue', 'fever', 'headache', 'sweating']"
malaria," My fever is on and off, and I’ve been feeling nauseous.  About a week, and yes, I feel chills before the fever and sweat after.  Yes, I traveled to a tropical region a month ago.","['chills', 'fever', 'nausea', 'sweating']"
malaria," I’ve been having periodic fevers with severe body aches.  Every 48 hours, and yes, both chills and sweating.  Yes, I was in an endemic area recently.","['chills', 'fever', 'muscle_pain', 'sweating']"
malaria," My fever spikes in the evening, and I feel drained afterward.  Yes, it happens every other evening, with chills first and sweating after.  Yes, I just returned from a village stay.","['chills', 'fatigue', 'fever', 'sweating']"
malaria," My child has been having recurring fevers and is very tired.  About a week, and yes, headaches and sweating are frequent.  Yes, we visited a rural area last month.","['fatigue', 'fever', 'headache', 'sweating']"
malaria," I’ve been feeling feverish and dizzy lately.  The fever comes every two days, and I sweat excessively after.  Yes, I traveled to a tropical country two weeks ago.","['dizziness', 'fever', 'sweating']"
malaria," I’ve been sweating profusely and have muscle aches with fever.  About six days, and the fever spikes every second day.  Yes, I was on a business trip to a tropical region.","['fever', 'muscle_pain', 'sweating']"
malaria," I’ve been having a recurring fever and severe chills.  For about a week, and yes, I feel nauseous and have a headache too.  Yes, I visited a remote village for work.","['chills', 'fever', 'headache', 'nausea']"
malaria," My fever is persistent, and I feel extremely fatigued.  Yes, all three, especially sweating after the fever subsides.  Yes, I went camping in a malaria-prone region.","['fatigue', 'fever', 'sweating']"
malaria," I’ve been having high fever episodes and night sweats.  Yes, every two days, with chills first and sweating later.  Yes, I returned from a trip to Africa last week.","['chills', 'fever', 'sweating']"
malaria," I’ve been feeling feverish and have terrible headaches every day.  It’s been about five days, and yes, the fever comes and goes with intense chills.  Yes, I’m completely drained. I can barely get out of bed.  Yes, I was in Southeast Asia just last month.","['chills', 'fatigue', 'fever', 'headache']"
malaria," I’ve been having high fever episodes and feeling nauseous.  It started about a week ago, and it comes back every two days. I also feel really weak after the fever goes down.  Yes, I get chills before the fever and sweat a lot afterward.  Yes, I went to a tropical region about three weeks ago.","['chills', 'fatigue', 'fever', 'nausea', 'sweating']"
malaria," I’m feeling extremely tired, and I’ve had a fever for the past few days.  The fever is pretty high, and I feel cold and shaky before it starts, then sweat a lot after.  The fever started four days ago and comes back every other day.  Yes, I was in a remote part of Africa recently.","['fatigue', 'fever', 'sweating']"
malaria," I’ve been getting a fever at night and feeling really weak.  Yes, I get chills before the fever, and then I sweat a lot afterward.  For the past week, the fever seems to come back every second night.  Yes, I went to a malaria-endemic area a couple of weeks ago.","['chills', 'fatigue', 'fever', 'sweating']"
malaria," I feel like I have a fever almost every day, and I’ve been sweating a lot.  It’s been about a week, and yes, chills usually come before the fever, and I sweat afterward.  Yes, I’m completely drained and find it hard to do anything.  Yes, I was recently in a tropical area for work.","['chills', 'fatigue', 'fever', 'sweating']"
malaria," I’ve been feeling feverish and getting chills, followed by heavy sweating.  The fever comes every second day, and it usually lasts for a few hours.  Yes, I’ve been having intense headaches, and sometimes I feel nauseous.  Yes, I was in a malaria-prone region last month.","['chills', 'fever', 'headache', 'nausea', 'sweating']"
malaria," I’ve been running a fever off and on, and I’ve been feeling very weak.  It’s been about a week, and the fever comes every two days. I feel drained after it subsides.  Yes, I get chills first, then sweat a lot afterward.  Yes, I went to a rural area in Africa about three weeks ago.","['chills', 'fatigue', 'fever', 'sweating']"
malaria," I’m feeling feverish with intense body aches and chills.  It started about a week ago, and it comes back every two days.  Yes, I sweat a lot, and then I feel exhausted.  Yes, I was in Southeast Asia on a trip.","['chills', 'fatigue', 'fever', 'muscle_pain', 'sweating']"
malaria," I’ve been feeling feverish and tired with some chills and sweating.  It started four days ago, and it seems to come back every other day.  Yes, I’m really tired and have trouble getting out of bed.  Yes, I traveled to a tropical area last month.","['chills', 'fatigue', 'fever', 'sweating']"
malaria," I’ve been having recurrent fever episodes and feeling nauseous.  It started a week ago, and the fever comes back every second day, usually at night.  Yes, I get chills before the fever, then sweat a lot when it breaks.  Yes, I was in a rural part of Africa last month.","['chills', 'fever', 'nausea', 'sweating']"
malaria," I’ve been feeling feverish for the last few days and experiencing chills.  The fever usually lasts a few hours, and then I feel better for a day or so before it returns.  Yes, I sweat profusely after the fever subsides.  Yes, I was in Southeast Asia about three weeks ago.","['chills', 'fever', 'sweating']"
malaria," I’ve been having high fever episodes, followed by feeling very weak.  The fever comes every 48 hours, and it lasts for a few hours before I start feeling weak.  Yes, chills come before the fever, and I sweat a lot afterward.  Yes, I went to a malaria-prone area in Africa just last month.","['chills', 'fatigue', 'fever', 'sweating']"
malaria," I’ve been feeling feverish and have a constant headache.  The fever started three days ago, and yes, I get chills before the fever, then sweat afterward.  Yes, I feel totally drained and can’t do much.  Yes, I traveled to a tropical region last month.","['chills', 'fatigue', 'fever', 'headache', 'sweating']"
malaria," I’m feeling exhausted, and I’ve had a fever on and off for the past few days.  It’s coming every second day, and it lasts for a few hours.  Yes, I get chills before the fever and sweat heavily after.  Yes, I was in a malaria-endemic area in Africa last month.","['chills', 'fatigue', 'fever', 'sweating']"
malaria," I’ve been feeling feverish with aches and chills for a few days.  The fever started about four days ago, and yes, I feel incredibly tired afterward.  Yes, I sweat a lot after the fever.  Yes, I went to Southeast Asia last month.","['chills', 'fatigue', 'fever', 'muscle_pain', 'sweating']"
malaria," I’m having fever episodes and feeling very weak afterward.  The fever comes back every 48 hours, and it usually lasts for a few hours.  Yes, I feel very cold before the fever and sweat heavily once it subsides.  Yes, I was in Africa about two weeks ago.","['fatigue', 'fever', 'sweating']"
malaria," I’ve had a fever for the past few days with bad headaches.  It started three days ago, and I get chills before the fever, followed by sweating after it breaks.  Yes, I’m extremely tired and can’t get much done.  Yes, I traveled to a tropical country last month.","['chills', 'fatigue', 'fever', 'headache', 'sweating']"
malaria," I’ve been running a fever, and I’ve been feeling weak and nauseous.  It comes every two days, and it lasts for a few hours.  Yes, I feel chills before the fever and sweat a lot once it breaks.  Yes, I was in a rural part of Africa last month.","['chills', 'fatigue', 'fever', 'nausea', 'sweating']"
malaria," I’ve been feeling feverish and weak for a few days.  The fever happens every other day, and I feel really tired after it subsides.  Yes, I get chills before the fever, and then I sweat a lot after.  Yes, I was in a malaria-prone region in Africa last month.","['chills', 'fatigue', 'fever', 'sweating']"
malaria," I’ve been feeling feverish, with chills and sweating, and I’m very fatigued.  It started a few days ago, and the fever comes every other day.  Yes, I feel completely drained and can’t do anything.  Yes, I was in Southeast Asia about three weeks ago.","['chills', 'fatigue', 'fever', 'sweating']"
impetigo," I have red sores on my skin that are oozing.  Yes, they’re forming a yellowish crust.  They’re a little itchy and uncomfortable.","['blisters', 'itching', 'skin_redness', 'yellow_skin_eyes']"
impetigo," I noticed small, red sores that have developed into blisters.  Yes, they’re leaking a yellowish fluid.  Yes, they’re starting to form a crust.","['blisters', 'skin_redness', 'yellow_skin_eyes']"
impetigo, My skin has developed blisters that are weeping fluid.  They’re on my face and hands.  They’re itchy and a little painful.,"['blisters', 'itching']"
impetigo," I have sores on my face that keep oozing.  Yes, they do.  They’re itchy and sometimes tender.","['blisters', 'itching']"
impetigo," I noticed some red, swollen bumps that have become blisters.  Yes, they’re oozing a yellowish fluid and crusting.","['blisters', 'skin_redness', 'swelling', 'yellow_skin_eyes']"
impetigo," My skin is breaking out with yellow crusty sores.  They’re mostly itchy.  Yes, a few are around my nose.","['blisters', 'itching', 'pimples', 'yellow_skin_eyes']"
impetigo," I have some painful blisters that are leaking yellow fluid.  Yes, they’re starting to form a crust.","['blisters', 'yellow_skin_eyes']"
impetigo," My skin has some red sores that have turned into blisters.  Yes, they are.  Yes, mostly around my nose.","['blisters', 'skin_redness']"
impetigo," I have a rash with blisters that are oozing.  Yes, they’re turning yellow.  They’re very itchy and a little sore.","['blisters', 'itching', 'rash', 'yellow_skin_eyes']"
impetigo," My skin has small, fluid-filled bumps that are oozing.  Yes, they are.  They’re a bit tender and itchy.","['blisters', 'itching']"
impetigo," I have some yellow crusty patches on my skin.  Yes, they’re around my nose.  They’re mostly itchy.","['blisters', 'itching', 'skin_patches', 'yellow_skin_eyes']"
impetigo," I have sores on my face that are leaking yellow fluid.  Yes, they’re forming a crust.  They itch a lot and sometimes feel sore.","['blisters', 'itching', 'yellow_skin_eyes']"
impetigo," My skin is breaking out in blisters that are oozing.  Yes, they’re crusting.  They’re itchy and tender to touch.","['blisters', 'itching', 'pimples']"
impetigo," I have some red, swollen bumps that have turned into blisters.  Yes, they’re leaking yellowish fluid.  Yes, they are.","['blisters', 'skin_redness', 'swelling', 'yellow_skin_eyes']"
impetigo, I have sores on my face that have become crusty and yellow.  They’re mostly itchy.,"['blisters', 'itching', 'yellow_skin_eyes']"
impetigo," I’ve developed blisters on my skin that are oozing and crusting.  Yes, they’re forming yellow crusts.  They’re very itchy.","['blisters', 'itching', 'yellow_skin_eyes']"
impetigo, I have yellow crusty patches around my nose.  They’re forming scabs.  They’re more itchy than painful.,"['blisters', 'itching', 'skin_patches', 'yellow_skin_eyes']"
impetigo," My skin has developed sores that are leaking fluid.  Yes, they are.  They’re really itchy.","['blisters', 'itching']"
impetigo," I have blisters on my face that are leaking fluid and crusting.  Yes, they are.",['blisters']
impetigo," I have fluid-filled bumps that are oozing a yellow substance.  Yes, they’re forming a crust.  They’re mostly itchy.","['blisters', 'itching', 'yellow_skin_eyes']"
impetigo," I have some small blisters that are leaking yellow fluid.  They’re mostly on my face.  Yes, they are.","['blisters', 'yellow_skin_eyes']"
impetigo," My skin has red sores that have turned into blisters.  Yes, yellow fluid is leaking from them.  Yes, they are forming a crust.","['blisters', 'skin_redness', 'yellow_skin_eyes']"
impetigo," I have some painful, fluid-filled bumps on my skin.  Yes, they’re leaking yellow fluid.  Yes, the fluid is forming a crust.","['blisters', 'yellow_skin_eyes']"
impetigo," I have yellow, crusty sores around my nose.  They’re mostly itchy.","['blisters', 'itching', 'yellow_skin_eyes']"
impetigo," I noticed some sores on my skin that are oozing yellow fluid.  Yes, they’re crusting over.  They’re very itchy.","['blisters', 'itching', 'yellow_skin_eyes']"
impetigo, I have some red sores on my skin that are crusting and yellow.  They’re mostly itchy.,"['blisters', 'itching', 'skin_redness', 'yellow_skin_eyes']"
impetigo," I have fluid-filled blisters that are turning into scabs.  Yes, they are.  They’re itchy and sometimes sore.","['blisters', 'itching']"
impetigo," I have small blisters on my skin that are leaking yellow fluid.  Yes, they’re crusting.  They’re mostly itchy.","['blisters', 'itching', 'yellow_skin_eyes']"
impetigo," I have a rash with sores that are oozing and forming scabs.  Yes, they’re yellow and crusty.  They’re itchy.","['blisters', 'itching', 'rash', 'yellow_skin_eyes']"
impetigo," I have red, itchy sores on my face that are leaking yellow fluid.  Yes, they’re crusting.","['blisters', 'itching', 'skin_redness', 'yellow_skin_eyes']"
impetigo," I noticed some fluid-filled blisters on my skin that have crusted over.  Yes, they are.  They’re mostly itchy.","['blisters', 'itching']"
impetigo," I have some sores on my face that are crusting over.  Yes, they’re yellow and itchy.","['blisters', 'itching', 'yellow_skin_eyes']"
impetigo," My skin has developed some yellow crusty patches.  Yes, they’re oozing a little yellow fluid.  They’re mostly itchy.","['blisters', 'itching', 'skin_patches', 'yellow_skin_eyes']"
impetigo," I noticed a rash on my face with yellow crusting.  Yes, the blisters are oozing and crusting.  They’re itchy.","['blisters', 'itching', 'rash', 'yellow_skin_eyes']"
impetigo," I have some red sores on my skin that are leaking yellow fluid.  Yes, they are.  They’re just itchy.","['blisters', 'itching', 'skin_redness', 'yellow_skin_eyes']"
impetigo," I have some crusty, yellow patches on my face.  Yes, they’re oozing a yellowish fluid.  They’re itchy.","['blisters', 'itching', 'skin_patches', 'yellow_skin_eyes']"
impetigo," I have small, oozing sores that are crusting over.  Yes, they are.  They’re mostly itchy.","['blisters', 'itching']"
impetigo," I noticed a rash with fluid-filled blisters that have crusted.  Yes, they are.  They’re mostly itchy.","['blisters', 'itching', 'rash']"
impetigo," My skin is breaking out with yellow crusty sores.  Yes, they’re oozing yellow fluid.  They’re more itchy than painful.","['blisters', 'itching', 'pimples', 'yellow_skin_eyes']"
impetigo," I have sores on my face that are leaking yellow fluid.  Yes, they are.  They’re mostly itchy.","['blisters', 'itching', 'yellow_skin_eyes']"
varicose veins," I’ve noticed bulging veins on my legs.  They’re mostly on my calves and thighs.  Yes, they’re often swollen, and sometimes they hurt.  For about three months now.  Yes, my mom has them.","['leg_veins', 'swelling']"
varicose veins," My legs feel heavy, and I have visible veins that seem swollen.  It started a few months ago.  Yes, it’s worse after standing for too long.  Yes, my grandmother had them.","['leg_pain_heaviness', 'leg_veins', 'swelling']"
varicose veins," I’ve got some blue veins on my legs that look swollen.  It’s been a few months.  Yes, they hurt sometimes, especially after standing for a while.  Yes, my aunt has them.","['leg_veins', 'swelling']"
varicose veins," I’ve noticed some lumpy veins on my legs.  For about two months.  Yes, they’re sore sometimes.  Yes, definitely.  Yes, my mom has them.",['leg_veins']
varicose veins," I have visible, swollen veins on my legs.  Mostly on my lower legs and ankles.  Yes, they’re often sore and swollen.  About four months.  Yes, my dad has them.","['leg_veins', 'swelling']"
varicose veins," My legs feel tired and heavy, and I can see some bulging veins.  For the past couple of months.  Yes, my legs get swollen, especially after standing.  Yes, my mom has them.","['fatigue', 'leg_pain_heaviness', 'leg_veins', 'swelling']"
varicose veins," I’ve noticed some twisted veins on my legs.  About three months now.  Yes, they hurt after standing for a long time.  Yes, my grandmother had them.",['leg_veins']
varicose veins," I have veins on my legs that look bulging and blue.  For the past few months.  Yes, they’re swollen, and they hurt after standing.  Yes, my aunt has them.","['leg_veins', 'swelling']"
varicose veins," I’ve been noticing that my veins are bulging and swollen.  Mainly on my calves and thighs.  For about two months.  Yes, my mom had them.","['leg_veins', 'swelling']"
varicose veins," My legs are swollen, and I can see some twisted veins.  For about three months now.  Yes, they hurt, especially after long periods of standing.  Yes, my dad has them.","['leg_veins', 'swelling']"
varicose veins," I have visible veins on my legs that are swollen.  Mostly on my calves and ankles.  Yes, they get sore after a long day of standing.  About two months.  Yes, my mother has them.","['leg_veins', 'swelling']"
varicose veins," I’ve been noticing some swollen veins on my legs.  Mostly on my thighs and knees.  Yes, they swell up and hurt sometimes.  For about three months now.  Yes, my aunt has them.","['leg_veins', 'swelling']"
varicose veins," I’ve noticed some veins on my legs that are bulging and look blue.  For a couple of months.  Yes, they’re swollen and sometimes hurt.  Yes, my mom had them.","['leg_veins', 'swelling']"
varicose veins," My legs feel sore and tired, and I can see swollen veins.  For the past three months.  Yes, they hurt, especially after standing.  Yes, my grandmother had them.","['fatigue', 'leg_veins', 'swelling']"
varicose veins," I have visible veins on my legs that look swollen and twisted.  For about two months.  Yes, they hurt, especially when I stand for too long.  Yes, my mother has them.","['leg_veins', 'swelling']"
varicose veins," I’ve noticed bulging veins on my legs, especially near my ankles.  For the past three months.  Yes, they swell up and hurt when I stand.  Yes, my dad has them.","['leg_veins', 'swelling']"
varicose veins," I’ve noticed swollen veins on my legs, and they look twisted.  About two months.  Yes, they’re sore after I’ve been standing a lot.  Yes, my aunt has them.","['leg_veins', 'swelling']"
varicose veins," I’ve been noticing swollen veins on my legs.  On my calves and thighs.  Yes, they’re swollen and sometimes sore.  About three months.  Yes, my mother has them.","['leg_veins', 'swelling']"
varicose veins," I have swollen veins on my legs that I can see bulging.  For about two months.  Yes, they hurt after standing for too long.  Yes, my dad has them.","['leg_veins', 'swelling']"
varicose veins," I’ve noticed veins on my legs that are swollen and blue.  For a few months now.  Yes, they get swollen and sometimes hurt.  Yes, my mom has them.","['leg_veins', 'swelling']"
varicose veins," My legs feel heavy, and I can see veins bulging.  For about three months now.  Yes, they get sore after standing.  Yes, my aunt has them.","['leg_pain_heaviness', 'leg_veins']"
varicose veins," I've been noticing swollen veins on my legs that look twisted.  For about two months now.  Yes, they hurt, especially after standing for a while.  Yes, my mom has them.","['leg_veins', 'swelling']"
varicose veins," I have visible veins on my legs that are swollen and painful.  For the past few months.  Yes, definitely.  Yes, my grandmother had them.","['leg_veins', 'swelling']"
varicose veins," My legs feel sore, and I can see veins bulging.  About three months now.  Yes, they get sore, especially after standing for long periods.  Yes, my dad has them.",['leg_veins']
varicose veins," I have swollen veins on my legs, and they look twisted.  For the past two months.  Yes, they hurt when I stand or walk too much.  Yes, my mother has them.","['leg_veins', 'swelling']"
varicose veins," I’ve noticed some swollen veins on my legs.  Mostly on my calves and thighs.  About three months.  Yes, they get sore sometimes.  Yes, my dad has them.","['leg_veins', 'swelling']"
varicose veins," I’ve noticed some bulging veins on my legs.  For about three months.  Yes, they get swollen and sometimes hurt.  Yes, my grandmother had them.","['leg_veins', 'swelling']"
varicose veins," I have swollen veins that are visible on my legs.  For about two months.  Yes, they hurt after standing for too long.  Yes, my aunt has them.","['leg_veins', 'swelling']"
varicose veins," My legs feel heavy, and I can see swollen veins.  For about three months.  Yes, they get sore after standing for a long time.  Yes, my mom has them.","['leg_pain_heaviness', 'leg_veins', 'swelling']"
varicose veins," I have visible veins on my legs that look swollen and twisted.  For about two months.  Yes, they hurt after a long day of standing.  Yes, my grandmother had them.","['leg_veins', 'swelling']"
varicose veins," I’ve been noticing some swollen veins on my legs.  For the past couple of months.  Yes, they hurt sometimes, especially after standing.  Yes, my aunt had them.","['leg_veins', 'swelling']"
varicose veins," I’ve noticed veins on my legs that are swollen and painful.  For about two months.  Yes, they get swollen, and they hurt.  Yes, my dad has them.","['leg_veins', 'swelling']"
varicose veins," I have some swollen veins on my legs that I can see.  About three months.  Yes, they’re sore after standing for a long time.  Yes, my mom has them.","['leg_veins', 'swelling']"
varicose veins," I’ve been noticing bulging veins on my legs.  For about two months.  Yes, they hurt after standing.  Yes, my grandmother had them.",['leg_veins']
varicose veins," My legs feel heavy, and I can see swollen veins.  About three months now.  Yes, they hurt after a long day of standing.  Yes, my aunt has them.","['leg_pain_heaviness', 'leg_veins', 'swelling']"
varicose veins," I have some swollen veins on my legs that are visible.  For the past couple of months.  Yes, they get sore, especially after standing.  Yes, my mom has them.","['leg_veins', 'swelling']"
varicose veins," I’ve noticed some bulging veins on my legs.  For about two months now.  Yes, they hurt after standing for a while.  Yes, my father has them.",['leg_veins']
varicose veins," My legs feel sore, and I can see swollen veins.  For about two months now.  Yes, they get sore after standing for too long.  Yes, my aunt has them.","['leg_veins', 'swelling']"
varicose veins," I have swollen veins on my legs that I can see bulging.  About three months.  Yes, they hurt after standing.  Yes, my mother had them.","['leg_veins', 'swelling']"
varicose veins," I’ve noticed swollen veins on my legs.  For a couple of months.  Yes, they hurt after standing for long periods.  Yes, my grandmother had them.","['leg_veins', 'swelling']"
diabetes," I’ve been feeling more thirsty than usual lately. Could it be related to diabetes?  Yes, I’ve been going to the bathroom a lot too.  I’ll get checked. Thanks for the advice!","['excessive_thirst', 'frequent_urination']"
diabetes," I’ve been feeling unusually tired, even though I’m sleeping well. Could diabetes be the cause?  I feel drained in the afternoons, even after eating.  I’ll try that. Thanks!",['fatigue']
diabetes," I’ve noticed that I’ve been losing weight even though my appetite is the same. Is that something to worry about?  Yes, I’ve been drinking a lot of water lately.  I’ll book an appointment with my doctor. Thanks!",['weight_loss']
diabetes," I keep feeling hungry all the time, no matter how much I eat. Could this be related to diabetes?  I’ve had some blurry vision recently.  I’ll make an appointment today. Thanks!",['blurred_vision']
diabetes," I’ve been getting a lot of cuts and bruises lately, and they seem to take forever to heal. Could it be diabetes?  No, but I’ve also been feeling more tired than usual.  I’ll do that. Thanks for the help.",['fatigue']
diabetes," I’ve been feeling really thirsty lately and have to urinate all the time. Could it be diabetes?  Yes, I’ve been feeling more tired than usual too.  I’ll schedule an appointment soon. Thanks for the advice!","['excessive_thirst', 'fatigue']"
diabetes," I’ve been having trouble with my vision lately. Everything seems blurry, even with my glasses.  Yes, I’ve been feeling more thirsty than usual.  I’ll get it checked. Thanks!","['blurred_vision', 'excessive_thirst']"
diabetes," I’m feeling a lot more tired than usual, even after a full night’s sleep. Could it be related to diabetes?  It’s pretty constant, but worse in the afternoons.  I’ll do that. Thanks for your help.",['fatigue']
diabetes," I’ve been feeling lightheaded, especially after meals. Is that something to do with diabetes?  Yes, I sometimes feel shaky and dizzy.  I’ll get my blood sugar tested. Thanks!",['dizziness']
diabetes," I’ve been urinating a lot more than usual, even during the night. Could it be diabetes?  Yes, I’ve been drinking a lot more water lately.  I’ll make an appointment soon. Thanks for your help!",['frequent_urination']
diabetes," I’ve noticed that my skin feels really dry and itchy lately. Could it be a symptom of diabetes?  Yes, I’ve been feeling thirstier than usual.  I’ll book an appointment today. Thanks!",['itching']
diabetes," I’m constantly feeling hungry, no matter how much I eat. Could this be diabetes?  Yes, I’ve been drinking a lot more water and feeling tired all the time.  I’ll schedule an appointment right away. Thanks!",['fatigue']
diabetes," I’ve been feeling unusually thirsty all the time. Even after drinking a lot of water, I still feel dry.  Yes, I’ve been waking up several times during the night to use the bathroom.  Actually, I have lost some weight recently, and I’m feeling more tired than usual.  I’ll book an appointment with my doctor right away. Thanks!","['excessive_thirst', 'fatigue']"
diabetes," My vision has become blurry, and I’m having trouble focusing. Could this be a symptom of diabetes?  Yes, I’m drinking a lot more water, and I’ve been feeling really fatigued.  Yes, I’ve noticed that even small cuts are taking longer to heal.  I’ll make an appointment to get checked. Thank you for the advice.","['blurred_vision', 'fatigue']"
diabetes," I’ve been feeling exhausted all the time, even after getting enough sleep. Is this related to diabetes?  It’s mostly in the afternoon, and I find it hard to stay alert.  Yes, I’ve been thirsty all the time and going to the bathroom a lot.  I’ll get my blood sugar checked. Thanks for your help.","['excessive_thirst', 'fatigue', 'frequent_urination']"
diabetes," I’ve been eating normally, but I’ve lost some weight without trying. Is this something to worry about?  Yes, I’ve been drinking a lot of water, and I’m using the bathroom more frequently.  I’ll do that. Thanks for the guidance.",['frequent_urination']
diabetes," I’ve been getting more cuts lately, and they seem to take longer to heal. Could this be related to diabetes?  I’ve been feeling more thirsty than usual, and my vision is a bit blurry too.  I’ll make an appointment today. Thanks for your help.","['blurred_vision', 'excessive_thirst']"
diabetes," I’ve been feeling really hungry, even after eating meals. Could that be a sign of diabetes?  I’ve definitely been feeling more thirsty and tired lately.  I’ll do that. Thanks for the advice!","['excessive_thirst', 'fatigue']"
diabetes," I’ve been feeling lightheaded and dizzy, especially after meals. Could this be related to diabetes?  Yes, I sometimes feel weak and shaky too.  Yes, I’ve been drinking a lot more water and have blurry vision at times.  I’ll check my blood sugar levels and see my doctor. Thanks!","['blurred_vision', 'dizziness', 'fatigue']"
diabetes," I’ve been urinating a lot more than usual, especially during the night. Could this be diabetes?  Yes, I’m constantly thirsty and feeling really tired.  I’ll make an appointment soon. Thanks!","['excessive_thirst', 'fatigue', 'frequent_urination']"
diabetes," My skin has been feeling really dry, and I’ve been itching a lot. Could this be a sign of diabetes?  Yes, I’ve been drinking a lot more water lately.  I’ll do that. Thanks for your help.",['itching']
diabetes," I’ve been getting headaches frequently. Could diabetes be the cause?  They seem to be worse in the afternoon.  Yes, I’ve been feeling thirsty and tired a lot lately.  I’ll get it checked. Thanks!","['excessive_thirst', 'fatigue', 'headache']"
diabetes, I’ve been feeling more irritated and stressed than usual. Could that be linked to diabetes?  I’ve definitely been feeling more tired lately and thirsty all the time.  I’ll schedule an appointment. Thanks for the advice!,"['excessive_thirst', 'fatigue']"
diabetes," Lately, my feet feel numb and tingly. Could this be diabetes-related?  Yes, I’ve been drinking a lot more water, and sometimes my vision is blurry.  I’ll do that. Thank you!","['blurred_vision', 'numbness_tingling']"
diabetes," I’ve noticed that I’m having trouble sleeping at night. Could this be related to diabetes?  Yes, I’ve been waking up a lot at night to use the bathroom and feel more thirsty than usual.  I’ll make an appointment to get checked. Thanks!",['excessive_thirst']
diabetes," I’ve been craving sweets all the time lately. Could that be related to diabetes?  Yes, I’m always thirsty and seem to be more tired than normal.  I’ll get tested soon. Thanks for your help!","['excessive_thirst', 'fatigue']"
diabetes," I’ve been feeling shaky and weak, especially when I haven’t eaten in a while. Is this related to diabetes?  Yes, I’ve been drinking a lot more water and using the bathroom frequently.  I’ll get my blood sugar checked. Thank you!","['fatigue', 'frequent_urination']"
diabetes," I’ve been noticing more dark patches on my skin, particularly around my neck. Could this be related to diabetes?  Yes, I’ve been really thirsty and tired lately, and my vision gets blurry at times.  I’ll book an appointment. Thanks for your help!","['blurred_vision', 'excessive_thirst', 'fatigue', 'skin_patches']"
diabetes," I’ve noticed that I get sick more often lately, with frequent colds and infections. Could this be linked to diabetes?  Yes, I’ve been drinking more water than usual and feeling more tired.  I’ll schedule a test. Thanks for the advice!",['fatigue']
diabetes, My wounds don’t seem to heal as quickly as they used to. Could this be a sign of diabetes?  I’ve been thirsty all the time and feeling tired more than usual.  I’ll do that. Thank you!,"['excessive_thirst', 'fatigue']"
diabetes," I’ve been feeling unusually hungry lately, even after eating. Could this be linked to diabetes?  Yes, I’m thirsty all the time and tired even after a full night’s sleep.  I’ll book an appointment. Thanks for your help!","['excessive_thirst', 'fatigue']"
diabetes," I’ve been feeling a bit nauseous after meals. Is this related to diabetes?  Yes, I sometimes feel lightheaded, especially in the afternoons.  I’ll check my blood sugar levels. Thanks!","['dizziness', 'nausea']"
diabetes," I’ve been having trouble concentrating at work lately. Could this be related to diabetes?  Yes, I’ve been feeling thirsty all the time and a bit tired.  I’ll get tested. Thanks for your help!","['excessive_thirst', 'fatigue']"
diabetes," I’ve been feeling faint and weak, especially after meals. Could this be related to diabetes?  Yes, I’ve been drinking a lot of water and feeling more tired lately.  I’ll make an appointment. Thank you!",['fatigue']
diabetes," Lately, I've been feeling very thirsty and drinking a lot more water than usual. Could this be diabetes?  I’ve been waking up several times during the night to use the bathroom, and I do feel pretty tired.  I will definitely check my blood sugar levels soon. Thanks for the advice!","['excessive_thirst', 'fatigue']"
diabetes," I’ve noticed my wounds are taking much longer to heal than they used to. Could this be a sign of diabetes?  Yes, I’ve been drinking a lot of water lately, and sometimes my vision seems a little blurry.  I’ll make an appointment to get checked. Thanks for your help!",['blurred_vision']
diabetes," I’ve been feeling very tired recently, even after getting a full night’s sleep. Could it be related to diabetes?  Yes, I’m always thirsty and seem to be using the bathroom a lot.  I’ll make sure to check it. Thanks for your advice!","['excessive_thirst', 'fatigue', 'frequent_urination']"
diabetes, I’ve been having a lot of cravings for sweet foods lately. Could this be related to diabetes?  I’ve been feeling very tired and thirsty all the time.  I’ll book an appointment soon. Thanks for the help!,"['excessive_thirst', 'fatigue']"
diabetes," I’ve been feeling lightheaded and dizzy in the afternoons. Could this be a sign of diabetes?  Yes, I’m drinking a lot more water lately, and I’ve been very tired.  I’ll definitely do that. Thanks!","['dizziness', 'fatigue']"
diabetes," I’ve noticed my skin is getting really dry, especially on my hands and feet. Could this be related to diabetes?  Yes, I’ve been really thirsty and need to go to the bathroom more often.  I’ll get my blood sugar checked. Thanks for the advice!","['excessive_thirst', 'frequent_urination']"
drug reaction," I’ve noticed some red rashes on my skin after starting a new medication.  I started taking antibiotics for a cold.  No, just the rash.  I’ll call my doctor. Thanks.","['rash', 'skin_redness']"
drug reaction," After taking painkillers, I felt dizzy and lightheaded.  I usually take them on an empty stomach.  I’ll try that next time.",['dizziness']
drug reaction," My skin has been itching a lot after taking my medication.  No swelling, just the itching.  I will, thanks.",['itching']
drug reaction, I’ve been feeling nauseous after starting a new medication.  It’s a new blood pressure medication.  I’ll try that. Thanks for the advice.,['nausea']
drug reaction," My mouth feels dry after I started this new medicine.  Yes, I’m thirsty all the time.  I’ll give that a try.",['excessive_thirst']
drug reaction, I’ve noticed some swelling in my ankles after starting this new medication.  I’m on a new diuretic.  I’ll talk to my doctor. Thanks.,['swelling']
drug reaction, I’m feeling unusually tired after starting my new antidepressant.  It’s been about a week.  I’ll give it some time. Thanks for your help.,['fatigue']
drug reaction," I’ve been experiencing headaches after taking my allergy medication.  They’re mild, but they happen often.  I’ll mention it to them. Thanks.",['headache']
drug reaction, My stomach feels upset after I started my new diabetes medication.  Sometimes I feel nauseous too.  I’ll try taking it with food. Thanks.,['nausea']
drug reaction," After starting this medication, I’ve been having trouble sleeping.  I take it at night.  I’ll try that. Thanks!",[]
drug reaction, I feel like I’m gaining weight after starting a new medication.  It’s an antidepressant.  I’ll talk to my doctor about it. Thanks!,[]
drug reaction," I feel more anxious after taking my new prescription.  No, just the anxiety.  I’ll do that. Thank you.",[]
drug reaction, I’ve been feeling nauseous and vomiting after starting a new medication.  It’s a new antibiotic for an infection.  I’ll try that.,"['nausea', 'vomiting']"
drug reaction, I’m noticing that I have blurred vision after taking my medication.  I’m on a new antihypertensive medication.  I’ll talk to them about it. Thanks!,['blurred_vision']
drug reaction, My hands have been shaking ever since I started this new medication.  I started a new medication for anxiety.  I’ll mention it to my doctor.,[]
drug reaction," I’ve noticed that my heart is racing after I started this new medication.  No, just the fast heartbeat.  I’ll definitely call my doctor. Thanks for the advice.",[]
drug reaction," My legs have been swelling up ever since I started my blood pressure medication.  It gets better when I rest, but it returns when I’m up and moving around.  I’ll call them today. Thanks for the help.",['swelling']
drug reaction," I’ve been feeling more irritable and moody since starting this new medication.  Mostly just irritable and frustrated, nothing more severe.  I’ll make an appointment soon. Thanks for the suggestion.",[]
drug reaction, I feel like I’m more sensitive to sunlight after starting a new medication.  It’s a new antibiotic I’ve been prescribed.  I’ll be more careful in the sun and talk to my doctor.,[]
drug reaction," I’ve been getting constant headaches after taking my new medication.  They’re worse during the day, especially when I’m at work.  I’ll try that. Thanks for the advice!",['headache']
drug reaction," My skin has been peeling ever since I started this new medication.  Yes, it’s a little red and itchy.  I’ll call them right away. Thanks for the guidance.","['itching', 'skin_redness']"
drug reaction," I’ve been having trouble breathing after starting my new medication.  Yes, it feels like my chest is tight, and I can’t take deep breaths.  I’ll go to the emergency room now. Thanks for your help.",['shortness_of_breath']
drug reaction," I’ve been feeling very dizzy and lightheaded after starting my new antidepressant.  No, just the dizziness.  I’ll talk to them. Thanks.",['dizziness']
drug reaction," I’ve been experiencing frequent urination since I started taking this new medication.  It’s worse at night, I’m waking up several times.  I’ll make an appointment. Thanks!",['frequent_urination']
drug reaction," I’ve been feeling nauseous and have stomach cramps since I started this new medication.  Yes, they happen right after I take it.  I’ll try that. Thanks.","['abdominal_pain', 'nausea']"
drug reaction, I’ve been feeling very weak and fatigued after starting this new medication.  It’s been about a week now.  I’ll give it some time and see if it gets better.,['fatigue']
drug reaction," I’ve been experiencing joint pain ever since I started my new medication.  No swelling, just the pain in my knees.  I’ll do that. Thanks for the advice.",['joint_pain']
drug reaction," I’ve noticed that I’m having trouble concentrating after starting my new medication.  Yes, I keep forgetting things and having trouble focusing at work.  I’ll bring it up at my next appointment.",[]
drug reaction, I’ve noticed a metallic taste in my mouth since starting my new medication.  It lingers for hours after I take the medication.  I’ll try drinking more water. Thanks!,[]
drug reaction, I’ve been feeling more hungry than usual after starting my new medication.  I’m just eating more overall.  I’ll mention it to them. Thanks!,[]
drug reaction," I’ve noticed some dark spots on my skin after taking this new medication.  No, just the dark spots.  I’ll get in touch with them. Thanks for the advice.",['rash']
drug reaction," I’ve been feeling very drowsy and sleepy since I started my new medication.  Yes, I can barely keep my eyes open at work.  I’ll see if they can help me with that.",[]
drug reaction," My appetite has decreased since I started my new medication.  No nausea, just not hungry at all.  I’ll bring it up at my next check-up.",[]
drug reaction, I’ve been experiencing vivid dreams and sleep disturbances since starting my new medication.  I’m waking up a lot during the night and having strange dreams.  I’ll ask my doctor about it. Thanks for the tips.,[]
drug reaction," I’ve been getting a rash on my body ever since I started this new medication.  No, just the rash.  I’ll call them tomorrow. Thanks for the advice.",['rash']
drug reaction," I feel like my hands are trembling after I started this new medication.  No, just the trembling.  I’ll talk to them about it. Thanks for the suggestion.",[]
drug reaction, I’ve been feeling really thirsty all the time since I started my new medication.  I’m also going to the bathroom more often.  I’ll make an appointment with them. Thanks for the help.,"['excessive_thirst', 'frequent_urination']"
drug reaction," I’ve been feeling really anxious and jittery after starting my new medication.  Yes, I’m finding it hard to relax.  I’ll bring it up with them.",[]
drug reaction," I feel like I’m having trouble swallowing since I started my new medication.  No swelling, just the feeling that it’s harder to swallow food.  I’ll call them today.",[]
drug reaction," I’ve been having some blurred vision after starting my new medication.  Just the blurred vision, no dizziness.  I’ll mention it to them. Thanks for the advice.",['blurred_vision']
psoriasis," I’ve noticed red, scaly patches on my skin.  Mostly on my elbows and knees, but I have a few on my scalp too.  Yes, they itch a lot, and sometimes they feel a bit sore.  About two months ago. They’ve gotten worse over time.  Stress definitely seems to make it worse, and my skin gets drier in the cold weather.  Yes, my dad had psoriasis.","['itching', 'skin_patches', 'skin_redness']"
psoriasis," My elbows and knees have these dry, red patches.  They itch a lot, especially when I scratch them.  I noticed them about three months ago.  Yes, cold weather and stress make it worse.  Yes, my mom had it.","['itching', 'rash', 'skin_patches', 'skin_redness']"
psoriasis," I have red, flaky patches on my knees and elbows.  They sting when I scratch them, but they don’t hurt otherwise.  It started about two months ago.  Yes, the cold weather and stress make it worse.  Yes, my dad has it.","['skin_patches', 'skin_redness']"
psoriasis," I’ve noticed dry patches on my skin that are red and itchy.  Mostly on my elbows and knees.  I noticed them about a month ago.  Yes, stress and cold weather seem to make it worse.  Yes, my mother had it.","['itching', 'skin_patches', 'skin_redness']"
psoriasis," I’ve been dealing with red, itchy patches on my elbows and knees.  Yes, they are flaky and dry.  It started about three months ago.  Yes, both seem to trigger it.  Yes, my father has it.","['itching', 'skin_patches', 'skin_redness']"
psoriasis," My skin has been really dry, and I have some red patches.  Mostly on my knees and elbows.  They itch a lot, and sometimes they hurt when I scratch them.  About a month now.  Yes, both. Cold weather and stress make it worse.  Yes, my uncle had psoriasis.","['itching', 'rash', 'skin_patches', 'skin_redness']"
psoriasis," I have red, scaly patches on my skin.  Mainly on my elbows and knees.  They don’t hurt, but they sting when I scratch them.  About two months.  Yes, both stress and cold weather seem to trigger it.  Yes, my dad had psoriasis.","['skin_patches', 'skin_redness']"
psoriasis," I’ve developed dry, red patches on my skin.  They’re mostly on my elbows and knees.  Yes, they itch a lot, and sometimes they feel sore.  About two months now.  Yes, both make it worse.  Yes, my father has it.","['itching', 'rash', 'skin_patches', 'skin_redness']"
psoriasis," I’ve noticed some red, scaly patches on my elbows and knees.  Yes, they itch a lot, and sometimes they’re sore.  About a month.  Yes, both.  Yes, my mother had it.","['itching', 'skin_patches', 'skin_redness']"
psoriasis," I have itchy patches on my skin that are red and flaky.  Mainly on my elbows and knees.  About two months.  Yes, both make it worse.  Yes, my dad has psoriasis.","['itching', 'skin_patches', 'skin_redness']"
psoriasis," I’ve been noticing red, itchy patches on my skin.  Mainly on my elbows and knees.  They feel sore and very itchy.  About three months.  Yes, both make it worse.  Yes, my aunt has it.","['itching', 'skin_patches', 'skin_redness']"
psoriasis," I’ve been dealing with some red, flaky patches on my skin.  Mainly on my knees and elbows.  They’re very itchy, and sometimes they sting.  About two months.  Yes, both make it worse.  Yes, my dad does.","['itching', 'skin_patches', 'skin_redness']"
psoriasis," I’ve had red patches on my skin for a while.  They’re mostly on my elbows and knees.  Yes, they itch a lot, and sometimes they sting.  About two months.  Yes, both seem to make it worse.  Yes, my dad has psoriasis.","['itching', 'rash', 'skin_patches', 'skin_redness']"
psoriasis," I have dry, red patches on my elbows and knees.  For about two months.  Yes, they itch a lot, and sometimes they sting.  Yes, both. Cold weather and stress make it worse.  Yes, my mom had psoriasis.","['itching', 'rash', 'skin_patches', 'skin_redness']"
psoriasis," I’ve noticed some red patches on my skin.  On my elbows and knees.  Yes, they itch, and sometimes they sting.  About two months.  Yes, both seem to make it worse.  Yes, my father has psoriasis.","['itching', 'rash', 'skin_patches', 'skin_redness']"
psoriasis," I have dry, scaly patches on my elbows and knees.  About a month.  They itch a lot, and sometimes they sting.  Yes, both make it worse.  Yes, my mother has psoriasis.","['itching', 'skin_patches']"
psoriasis," I’ve had some red, itchy patches on my skin for a while.  Mainly on my knees and elbows.  About two months now.  They’re really itchy and sometimes sting.  Yes, both.  Yes, my aunt has psoriasis.","['itching', 'skin_patches', 'skin_redness']"
psoriasis," I’ve noticed some red, dry patches on my skin.  On my elbows and knees.  Yes, they itch a lot, and sometimes they feel sore.  About two months.  Yes, both seem to trigger it.  Yes, my father has psoriasis.","['itching', 'skin_patches', 'skin_redness']"
psoriasis," I’ve been noticing red patches on my skin that are flaky.  Mostly on my elbows and knees.  They itch a lot, and sometimes they feel sore.  About a month now.  Yes, both trigger it.  Yes, my mother had psoriasis.","['itching', 'rash', 'skin_patches', 'skin_redness']"
psoriasis," I’ve noticed some red, itchy patches on my elbows and knees.  For about a month.  Yes, they sting when I scratch them.  Yes, both.  Yes, my dad had it.","['itching', 'skin_patches', 'skin_redness']"
psoriasis," I have dry, red patches on my skin.  On my knees and elbows.  They itch a lot and feel sore.  About two months.  Yes, both seem to trigger it.  Yes, my mother had it.","['itching', 'rash', 'skin_patches', 'skin_redness']"
psoriasis," I have red patches on my elbows and knees that are flaky.  About two months.  Yes, they itch a lot, and sometimes they feel sore.  Yes, both.  Yes, my father has it.","['itching', 'rash', 'skin_patches', 'skin_redness']"
psoriasis," I have some red, itchy patches on my skin.  Mainly on my elbows and knees.  About two months.  Yes, both trigger it.  Yes, my mom had it.","['itching', 'skin_patches', 'skin_redness']"
psoriasis," I’ve noticed dry, red patches on my skin that itch a lot.  Mostly on my elbows and knees.  About a month.  Yes, both make it worse.  Yes, my father had psoriasis.","['itching', 'rash', 'skin_patches', 'skin_redness']"
psoriasis," I have red, scaly patches on my skin.  Mainly on my elbows and knees.  Yes, they itch a lot, and sometimes they sting.  About two months.  Yes, both seem to trigger it.  Yes, my father had it.","['itching', 'skin_patches', 'skin_redness']"
psoriasis," I’ve noticed some red patches on my skin that are flaky and itchy.  Mainly on my elbows and knees.  About two months.  Yes, both.  Yes, my father had psoriasis.","['itching', 'rash', 'skin_patches', 'skin_redness']"
psoriasis," I have itchy patches on my skin that are red and flaky.  On my elbows and knees.  About two months.  Yes, both seem to make it worse.  Yes, my father has psoriasis.","['itching', 'skin_patches', 'skin_redness']"
psoriasis," I’ve noticed dry, itchy patches on my skin that are red and flaky.  On my elbows and knees.  About two months.  Yes, both make it worse.","['itching', 'skin_patches', 'skin_redness']"
psoriasis," I’ve noticed red, dry patches on my skin.  They're mostly on my elbows and knees.  Yes, they itch a lot.","['itching', 'skin_patches', 'skin_redness']"
psoriasis," My skin is flaky and red, and it keeps getting worse.  It's mostly on my scalp and lower back.  Yes, it's very itchy and sometimes painful.","['itching', 'skin_patches', 'skin_redness']"
psoriasis," I have scaly patches on my skin that won’t go away.  They are on my elbows, knees, and a bit on my scalp.  Yes, they're itchy and sometimes they bleed when scratched.","['bleeding', 'itching', 'skin_patches']"
psoriasis," I’m dealing with red patches on my skin that are constantly dry.  Mostly on my arms and legs.  Yes, they itch a lot, especially when it’s colder.","['itching', 'rash', 'skin_patches', 'skin_redness']"
psoriasis," My skin is getting more patchy and flaky every day.  On my elbows and knees.  Yes, they itch and sometimes feel sore.","['itching', 'skin_patches']"
psoriasis," I’ve had red patches on my skin for a while now.  Mostly on my scalp and behind my ears.  They’re very itchy, and it feels sore sometimes.","['itching', 'rash', 'skin_patches', 'skin_redness']"
psoriasis," I have scaly patches on my skin that won’t go away.  Mostly on my elbows, knees, and back.  Yes, they’re itchy and sometimes they crack open and bleed.","['bleeding', 'itching', 'skin_patches']"
psoriasis," My skin is dry and flaky, and it’s getting worse.  On my knees, elbows, and lower back.  Yes, it’s really itchy, and sometimes it hurts to touch.","['itching', 'skin_patches']"
psoriasis," I’ve noticed some red, scaly patches on my skin.  They're mostly on my scalp, elbows, and knees.  Yes, they itch a lot, especially when I’m stressed.","['itching', 'skin_patches', 'skin_redness']"
psoriasis," My skin has been really dry, and I have scaly patches.  They’re mostly on my arms and legs.  Yes, they’re very itchy and sometimes feel painful.","['itching', 'skin_patches']"
psoriasis," I’ve had flaky, red patches on my skin for a while now.  Mostly on my knees, elbows, and lower back.  Yes, they’re very itchy, and they sometimes crack open.","['itching', 'rash', 'skin_patches', 'skin_redness']"
psoriasis," I have scaly, red patches on my skin.  Mostly on my scalp, elbows, and knees.  Yes, they’re itchy, and they sometimes crack and bleed.","['bleeding', 'itching', 'rash', 'skin_patches', 'skin_redness']"
pneumonia," I’ve been coughing for a few days now, and it’s getting worse.  Yes, I feel like it’s hard to take deep breaths, and my chest hurts when I cough.  Yes, I’ve had a fever for two days.","['chest_pain', 'cough', 'fever']"
pneumonia," I’ve been feeling very tired and coughing a lot, with thick mucus.  Yes, it’s harder to breathe, and I get winded after walking short distances.  What should I expect when I see the doctor?","['cough', 'fatigue', 'mucus']"
pneumonia," I’ve been having a persistent cough, and now I’m feeling feverish and chills.  Yes, I’m having some sharp pain in my chest when I cough.  Should I wait to see if it gets better on its own?","['chest_pain', 'chills', 'cough', 'fever']"
pneumonia," I’ve been coughing up yellow-green mucus, and I feel weak.  Yes, it feels hard to breathe, especially when I try to take a deep breath.  Will I need antibiotics?","['cough', 'fatigue', 'mucus', 'shortness_of_breath', 'yellow_skin_eyes']"
pneumonia," I’m having trouble breathing, and my cough has lasted for over a week now.  Yes, I’ve had a fever on and off, and I’ve been feeling fatigued.  What will the doctor check for?","['cough', 'fatigue', 'fever', 'shortness_of_breath']"
pneumonia," I’ve had a cough and a fever for a few days now.  Yes, it feels like my chest is tight, and it’s hard to take a deep breath.  What treatments might I need?","['cough', 'fever']"
pneumonia," I’m coughing up mucus that’s been greenish in color.  Yes, I’m constantly tired, and it feels like I’m not getting enough air.  Could this be something other than pneumonia?","['cough', 'fatigue', 'mucus']"
pneumonia," I’ve been feeling very weak and coughing a lot.  Yes, I’ve had a fever for a couple of days and it’s hard to breathe.  What will the doctor do?","['cough', 'fatigue', 'fever', 'shortness_of_breath']"
pneumonia," I’ve been coughing for a while now, and it’s worse at night.  Yes, I wake up gasping for air sometimes.  What might the doctor prescribe?",['cough']
pneumonia," I have a dry cough and a fever, but I’m not sure if it’s pneumonia.  Yes, my chest hurts a little when I cough.  How will the doctor confirm if it’s pneumonia?","['chest_pain', 'cough', 'fever']"
pneumonia," I’ve had a cough for over a week, and now it’s getting harder to breathe.  Yes, I have mild chest pain and a low-grade fever.  What will the doctor do for me?","['chest_pain', 'cough', 'fever']"
pneumonia," I’ve been coughing a lot and now I’m feeling very weak.  Yes, I’ve had a fever for the past two days and feel winded easily.  What kind of tests will they run?","['cough', 'fatigue', 'fever']"
pneumonia," I’ve had a fever for a few days, and now I’m coughing up blood-tinged mucus.  Yes, I feel like I can’t catch my breath, and I have sharp chest pain when I cough.  What could this mean?","['chest_pain', 'cough', 'fever', 'mucus']"
pneumonia," My cough is persistent, and I feel exhausted all the time.  Yes, I’ve had a fever for the past two days, and I’m struggling to take deep breaths.  How long should I wait before seeing a doctor?","['cough', 'fatigue', 'fever']"
pneumonia," I’m coughing up thick, yellow mucus, and I feel tired all the time.  Yes, it’s hard to breathe, and my chest hurts when I cough.","['chest_pain', 'cough', 'fatigue', 'mucus', 'shortness_of_breath', 'yellow_skin_eyes']"
pneumonia," I’ve had a cough for a few days, and now I’m feeling short of breath.  Yes, I’ve been having chills and a fever on and off.  How can they tell if it’s pneumonia?","['chills', 'cough', 'fever', 'shortness_of_breath']"
pneumonia," I’ve been coughing a lot, and now I’m feeling nauseous.  Yes, it’s getting hard to breathe deeply, and my chest feels tight.  Could this just be a severe cold?","['chest_pain', 'cough', 'nausea', 'shortness_of_breath']"
pneumonia," I’m having a persistent cough, and it’s been getting worse.  Yes, I feel short of breath, and my chest hurts when I cough.  What might the doctor do to treat it?","['chest_pain', 'cough', 'shortness_of_breath']"
pneumonia," I’ve been coughing for a week, and now I’m feeling really weak and fatigued.  Yes, I feel like I can’t breathe deeply, and my chest hurts when I cough.  What will happen at the doctor’s office?","['chest_pain', 'cough', 'fatigue', 'shortness_of_breath']"
pneumonia," I’ve been coughing a lot, and it’s been getting worse.  Yes, I’ve had a fever, and it’s getting hard to breathe.  Should I go to the emergency room?","['cough', 'fever', 'shortness_of_breath']"
pneumonia," I’ve been coughing up mucus that’s yellow and thick.  Yes, my chest hurts when I cough, and it’s hard to breathe deeply.  How serious can this get?","['chest_pain', 'cough', 'mucus', 'shortness_of_breath', 'yellow_skin_eyes']"
pneumonia," I’ve had a fever for a few days, and now I’m feeling very weak.  Yes, I get out of breath quickly, even when I’m resting.  What should I expect at the doctor’s office?","['fatigue', 'fever', 'shortness_of_breath']"
pneumonia," I’ve been coughing non-stop, and now I feel like I can’t catch my breath.  Yes, my chest hurts every time I cough, and it feels tight when I try to breathe deeply.  Will I need antibiotics?","['chest_pain', 'cough']"
pneumonia," I’ve had a cold for about a week, but now my cough is much worse and I’m having trouble breathing.  Yes, I’ve had a fever and chills for the past couple of days.  What tests will the doctor do?","['chills', 'cough', 'fever', 'shortness_of_breath']"
pneumonia," I’ve been coughing a lot, and now I have sharp chest pain.  Yes, I’m out of breath just from walking short distances.  Could this be something else?","['chest_pain', 'cough', 'shortness_of_breath']"
pneumonia," I’ve had a dry cough for a few days, and now it’s getting worse.  Yes, I feel feverish and it’s hard to breathe deeply.  How long does pneumonia take to treat?","['cough', 'fever', 'shortness_of_breath']"
pneumonia," I’ve been feeling really tired, and my cough is persistent.  Yes, I’m having difficulty breathing and a dull pain in my chest when I cough.  What should I do in the meantime?","['chest_pain', 'cough', 'fatigue', 'shortness_of_breath']"
pneumonia," I’ve been coughing up blood-tinged mucus.  Yes, I feel like I can’t take a full breath, and it hurts to cough.  What could this mean?","['cough', 'mucus']"
pneumonia," I’ve had a cold, but now it feels like I’m getting worse.  Yes, I have a fever, and my chest feels tight when I try to breathe deeply.  How will the doctor treat me?","['chest_pain', 'fever']"
pneumonia," I’ve been coughing for days, and now I feel dizzy and short of breath.  Yes, I’ve had chills and a fever for a couple of days now.  Should I go to urgent care or the emergency room?","['chills', 'cough', 'dizziness', 'fever', 'shortness_of_breath']"
pneumonia," I’ve been feeling weak, and my cough is really painful.  Yes, it’s hard to take a deep breath, and my chest hurts when I cough.  What treatment might I need?","['chest_pain', 'cough', 'fatigue']"
pneumonia," I’ve been coughing a lot, and now I’m feeling feverish.  Yes, I feel really tired, and it’s hard to breathe deeply.  Will I need a chest X-ray?","['cough', 'fatigue', 'fever', 'shortness_of_breath']"
pneumonia," I’ve had a cough for over a week, and now my chest hurts when I breathe.  Yes, I have a low-grade fever, and I’ve been feeling chills.  How long will it take to recover from pneumonia?","['chest_pain', 'chills', 'cough', 'fever']"
pneumonia," I’ve been coughing for days, and now I’m feeling short of breath.  Yes, I’ve had a fever for the past two days.  How will the doctor know if it’s pneumonia?","['cough', 'fever', 'shortness_of_breath']"
pneumonia," I’ve had a fever and a cough, and it’s getting harder to breathe.  Yes, my chest feels tight, and I can’t take deep breaths without pain.  What treatments might I need?","['chest_pain', 'cough', 'fever']"
pneumonia," I’ve been feeling feverish, and my cough just won’t go away.  Yes, I get out of breath easily, and my chest hurts when I cough.  Will I need a chest X-ray?","['chest_pain', 'cough', 'fever', 'shortness_of_breath']"
pneumonia," I’ve had a cold for a while, but now I feel worse, with sharp chest pain.  Yes, it’s hard to take a full breath, and my chest feels tight.  Could this be something less serious?",['chest_pain']
pneumonia," I’ve had a dry cough and now my breathing feels shallow.  Yes, I’ve been having chills and a mild fever.  How serious can pneumonia get?","['chills', 'cough', 'fever']"
pneumonia," I’ve been coughing up mucus, and it’s getting worse.  Yes, I have a low-grade fever, and it’s hard to take deep breaths.  What will the doctor do to treat it?","['cough', 'fever', 'mucus']"
pneumonia," I’ve been feeling very weak, and my cough has gotten worse.  Yes, I’m struggling to breathe, and my chest hurts when I cough.  How soon should I see a doctor?","['chest_pain', 'cough', 'fatigue', 'shortness_of_breath']"
jaundice," My skin looks yellowish, and my eyes are too.  A couple of days ago. It seems to be getting worse.  Yes, I feel very tired, and my urine is much darker than usual.","['dark_urine', 'fatigue', 'yellow_skin_eyes']"
jaundice," My eyes have turned yellow, and I feel weak.  About a week now.  Yes, my skin itches, and my stools are pale.","['fatigue', 'itching', 'pale_stool', 'yellow_skin_eyes']"
jaundice," I think I have jaundice. My skin is yellow.  My eyes are yellow too, and my urine is dark.  Yes, I feel nauseous and have mild abdominal discomfort.","['dark_urine', 'nausea', 'yellow_skin_eyes']"
jaundice," My baby’s skin has a yellow tint.  She’s three days old. I noticed it yesterday.  Feeding is okay, but her stools seem a bit unusual.",['yellow_skin_eyes']
jaundice," I’ve been feeling very tired, and my skin looks yellow.  About four days ago.  I had a fever last week and lost my appetite.","['fatigue', 'fever', 'loss_of_appetite', 'yellow_skin_eyes']"
jaundice," My eyes are yellow, and I feel nauseous all the time.  It started two days ago.  My urine is dark, but my stools are light-colored.","['dark_urine', 'nausea', 'pale_stool', 'yellow_skin_eyes']"
jaundice," My skin is yellow, and I have no energy.  About a week ago.  I haven’t been eating much lately, and I started a new medication last month.",['yellow_skin_eyes']
jaundice," My urine is dark, and my eyes look yellow.  Around three days ago.  Yes, I feel itchy and very tired.","['dark_urine', 'fatigue', 'itching', 'yellow_skin_eyes']"
jaundice," My toddler’s skin is yellowish, and he seems more irritable.  For about two days.  No fever, but he’s eating less. His stools are lighter.",['yellow_skin_eyes']
jaundice," I’ve noticed my skin turning yellow, and I feel weak.  About a week ago.  Yes, my urine is darker, and I feel nauseous.","['dark_urine', 'fatigue', 'nausea', 'yellow_skin_eyes']"
jaundice," I think I have jaundice. My eyes are yellow.  It’s been about five days now.  Yes, I’m very tired, and my skin itches constantly.","['fatigue', 'itching', 'yellow_skin_eyes']"
jaundice," My skin and eyes have a yellow tint, and I feel nauseous.  About three days ago.  Yes, I had a mild fever, and my stools are pale.","['fever', 'nausea', 'pale_stool', 'yellow_skin_eyes']"
jaundice," I’ve noticed yellowing of my skin and eyes recently.  Just a couple of days ago.  Yes, I’m very fatigued, and my urine is darker.","['dark_urine', 'fatigue', 'yellow_skin_eyes']"
jaundice," My child’s skin looks yellowish, and he’s been very fussy.  He’s six months old. I noticed it two days ago.  No fever, but he’s eating less, and his stools seem lighter.",['yellow_skin_eyes']
jaundice," My skin is yellow, and I have abdominal discomfort.  About a week.  Yes, both of those.",['yellow_skin_eyes']
jaundice," I feel very tired, and my eyes look yellow.  A few days ago.  Yes, nausea and itching, but no fever.","['fatigue', 'itching', 'nausea', 'yellow_skin_eyes']"
jaundice," My baby was born three days ago, and her skin is yellow.  Yes, but she’s a bit sleepy and less active.",['yellow_skin_eyes']
jaundice," My skin looks yellow, and I’ve lost my appetite.  About a week ago.  My urine is darker, and I feel exhausted.","['dark_urine', 'fatigue', 'loss_of_appetite', 'yellow_skin_eyes']"
jaundice," I’ve been itching a lot, and my eyes are yellow.  The yellowing started two days ago, but the itching has been a week.  Yes, my stools are pale, and my right side hurts.","['itching', 'pale_stool', 'yellow_skin_eyes']"
jaundice," My toddler’s eyes are yellow, and he seems tired.  Since yesterday.  He’s not eating much, and he feels warm.","['fatigue', 'yellow_skin_eyes']"
jaundice," My urine is dark, and I’ve lost my appetite.  About three days ago.  Yes, my eyes are yellowish now.","['dark_urine', 'loss_of_appetite', 'yellow_skin_eyes']"
jaundice, My baby’s skin looks yellow. Is it serious?  She’s five days old. I noticed it yesterday.,['yellow_skin_eyes']
jaundice," I feel nauseous, and my skin looks yellow.  About four days ago.  No fever, but my urine is darker, and my stools are pale.","['dark_urine', 'nausea', 'pale_stool', 'yellow_skin_eyes']"
jaundice," My eyes are yellow, and my skin is itchy.  About a week now.  Yes, my urine is dark, and my stools are pale.","['dark_urine', 'itching', 'pale_stool', 'yellow_skin_eyes']"
jaundice," My toddler’s skin has turned yellow, and he’s been irritable.  For two days now.  No fever, but he’s eating less.",['yellow_skin_eyes']
jaundice," I’ve noticed my eyes turning yellow, and I feel weak.  About a week ago.  Yes, my urine is darker, and I feel nauseous sometimes.  No recent travel or new medications, but I did have a bad stomach infection two weeks ago.","['dark_urine', 'fatigue', 'nausea', 'yellow_skin_eyes']"
jaundice," My skin and eyes have turned yellow. I’m worried.  About three days ago.  I’ve lost my appetite, and I feel really tired.  My urine is darker than usual, and I had a fever last week.","['dark_urine', 'fatigue', 'fever', 'loss_of_appetite', 'yellow_skin_eyes']"
jaundice," My baby’s skin is yellow, and she’s not feeding well.  She’s four days old, and it started yesterday.  She’s sleeping a lot, and her diapers are fewer than usual.",['yellow_skin_eyes']
jaundice," I’ve had yellow skin and itching for a week now.  The yellowing started a week ago, and the itching has gotten worse.  Yes, my urine is dark, and my stools are pale. My stomach feels tight sometimes.","['dark_urine', 'itching', 'pale_stool', 'yellow_skin_eyes']"
jaundice," My eyes look yellow, and I feel very tired.  It started five days ago. I also feel nauseous and lost my appetite.  I had a slight fever last week, and my stomach feels bloated.","['bloating', 'fatigue', 'fever', 'loss_of_appetite', 'nausea', 'yellow_skin_eyes']"
jaundice," My child’s eyes are yellow, and he’s been more tired than usual.  He’s 7 years old, and I noticed it two days ago.  No fever, but his urine looks darker, and his stools are lighter.","['dark_urine', 'fatigue', 'yellow_skin_eyes']"
jaundice," I’ve been feeling nauseous, and my skin looks yellow.  The yellowing started three days ago, and the nausea has been on and off.  My urine is darker, and my stools are pale.","['dark_urine', 'nausea', 'pale_stool', 'yellow_skin_eyes']"
jaundice," My baby’s skin is yellow, and she seems sleepier than usual.  Yesterday. She’s 3 days old.  She’s feeding less and not wetting as many diapers.",['yellow_skin_eyes']
jaundice," My urine is dark, and my skin is turning yellow.  About five days ago.  No fever, but I feel itchy and my stomach feels bloated.","['bloating', 'dark_urine', 'itching', 'yellow_skin_eyes']"
jaundice," My child’s eyes look yellow, and she’s been more irritable.  I noticed it three days ago.  No fever, but her urine is darker, and her stools are lighter.","['dark_urine', 'yellow_skin_eyes']"
jaundice," I’ve had yellow eyes and fatigue for over a week.  Yes, my urine is darker, and my stools are pale.  Gradually, and I’ve also had some nausea.","['dark_urine', 'fatigue', 'nausea', 'pale_stool', 'yellow_skin_eyes']"
jaundice," My skin looks yellow, and I feel bloated after eating.  It started last week, and my appetite is lower than usual.  Yes, both dark urine and pale stools.","['bloating', 'dark_urine', 'pale_stool', 'yellow_skin_eyes']"
jaundice," My baby’s eyes are yellow, and she hasn’t been eating much.  She’s five days old, and it started two days ago.  No, it’s less frequent than before.",['yellow_skin_eyes']
jaundice," I’ve been feeling tired, and my skin has a yellowish tint.  About a week ago. My urine is darker, and my stools are lighter.  I had a fever last month, but no pain.","['dark_urine', 'fatigue', 'fever', 'yellow_skin_eyes']"
jaundice," My child’s eyes and skin are turning yellow. Should I be worried?  For about three days, and she’s more tired than usual.  Her urine is darker, and her stools are pale.","['dark_urine', 'fatigue', 'pale_stool', 'yellow_skin_eyes']"
migraine," I’ve been getting really bad headaches lately. Could they be migraines?  Yes, I get nauseous and feel sensitive to light.","['headache', 'light_sensitivity', 'nausea']"
migraine, I’ve been getting migraines frequently. Is there anything I can do to prevent them?  I think stress is a big trigger for me.  I’ll try incorporating more relaxation techniques.,['headache']
migraine, I get a migraine whenever the weather changes. Can that happen?  That explains a lot!  I’ll keep a migraine diary.,['headache']
migraine," I’ve been prescribed medication for my migraines, but I’m worried about side effects.  I haven’t had any side effects yet, but I want to be cautious.  I’ll keep that in mind.",['headache']
migraine, I usually get a migraine after eating chocolate. Why does chocolate trigger migraines?  I didn’t know that.  I’ll try cutting back on chocolate for a while.,['headache']
migraine, I’m getting a migraine and I don’t know what to do.  I’ll try to lie down and rest.  I’ll see if that helps first.,['headache']
migraine, Can certain foods trigger migraines?  I think cheese and wine might be causing mine.  I’ll cut back on both.,['headache']
migraine, I’m feeling a bit dizzy with this migraine. Is that normal?  I feel like I’m going to faint.  I’ll rest for a while and see if it gets better.,"['dizziness', 'headache']"
migraine, I’ve heard that migraines can cause visual disturbances. What does that mean?  I’ve had zigzag patterns in my vision before.  I’ll try to take my medication earlier next time.,"['blurred_vision', 'headache']"
migraine, How do I know if my headache is a migraine or just a regular one?  I definitely have the nausea with mine.  I’ll make an appointment.,"['headache', 'nausea']"
migraine, I’m getting migraines more often lately. Could stress be causing this?  I’ve been really stressed at work.  I’ll try to take more breaks.,['headache']
migraine, Can lack of sleep cause migraines?  I’ve been staying up late lately.  I’ll try to go to bed earlier.,['headache']
migraine, I think I might have a migraine coming on. Is there anything I can do at the first sign of one?  I’ll try to rest as soon as I feel it coming.,['headache']
migraine, I’ve heard that some medications can make migraines worse. Is that true?  I’ve been using pain relievers a lot lately.  I’ll make an appointment.,['headache']
migraine, Can changes in my diet help with migraines?  I think caffeine might be affecting me.  I’ll start cutting back on caffeine.,['headache']
migraine, I’ve had migraines for years. Will they ever go away?  I’ve tried a few treatments but nothing seems to work.  I’ll talk to my doctor about alternatives.,['headache']
migraine," I sometimes feel a “warning” before my migraine starts, like a slight headache or visual changes. Is this normal?  I usually get the visual changes first.  I’ll be more mindful of the early symptoms.",['headache']
migraine," I’ve been feeling lightheaded along with my migraines. Is that related?  I’ve been drinking a lot of water, but it’s still happening.  I’ll keep an eye on it and talk to my doctor if it continues.","['dizziness', 'headache']"
migraine, I’ve been getting migraines during my menstrual cycle. Could it be related?  I’ve noticed mine start around my period.  I’ll ask my doctor about that.,['headache']
migraine," I’ve tried all kinds of treatments for my migraines, but they’re still affecting my life.  I’ve been feeling hopeless about it.  I’ll keep trying and reach out to my doctor again.",['headache']
migraine," I often feel nauseous during a migraine. Is there anything I can do to help?  I’ve tried ginger tea before, and it helped a little.  I’ll keep that in mind.","['headache', 'nausea']"
migraine," I’m pregnant and I get migraines. What are safe treatment options?  I’m avoiding medication right now, so I’ll try other methods.  I’ll try that next time.",['headache']
migraine," I often get migraines in the evening. Could something I’m doing during the day be contributing?  I work at a desk all day, and I’m on the computer a lot.  I’ll make a conscious effort to do that.",['headache']
migraine, Is it true that bright lights can trigger migraines?  I do get sensitive to bright lights sometimes.  I’ll start wearing sunglasses more often.,['headache']
migraine, Can stress really cause a migraine?  I’ve been very stressed lately.  I’ll try doing more relaxation exercises.,['headache']
migraine, I’ve been getting migraines almost every week. Is that normal?  I’ll make an appointment to discuss it.,['headache']
migraine, I feel like my migraines are getting worse. What should I do?  I’ll definitely call my doctor.,['headache']
migraine, Can dehydration cause migraines?  I’ve been drinking less water lately.  I’ll try to drink more water.,['headache']
migraine, I’ve been waking up with migraines. Why is that happening?  I’m not sleeping well lately.  I’ll work on getting better sleep.,['headache']
migraine, Can caffeine help with migraines?  I usually drink coffee when I feel one coming on.  I’ll limit my coffee intake.,['headache']
migraine, I’ve heard that acupuncture can help with migraines. Is that true?  I’ve never tried acupuncture before.  I’ll check out some options.,['headache']
migraine," I’ve been using a cold compress to relieve my migraines, but it doesn’t always work.  I’ll give a warm compress a try.  I’ll try alternating between hot and cold.",['headache']
migraine, Is it okay to exercise if I have a migraine?  I don’t feel up to any exercise when I have a migraine.  I’ll try gentle stretches when I’m feeling better.,['headache']
migraine, I’ve been getting migraines after meals. Could it be food-related?  I’ve noticed chocolate sometimes makes it worse.  I’ll try cutting it out for a bit.,['headache']
migraine, I’m getting migraines more frequently. Should I see a specialist?  I think seeing a specialist might be the right step.  I’ll schedule an appointment.,['headache']
migraine, Can certain smells trigger migraines?  I’ve noticed that perfumes bother me.  I’ll start using fragrance-free products.,['headache']
migraine," I feel like I’m constantly fatigued because of my migraines. Is that common?  I’ve been so exhausted lately, even on days when I don’t have a migraine.  I’ll focus on getting more rest and stress relief.","['fatigue', 'headache']"
migraine, I get migraines during flights. Could the altitude be a factor?  I usually feel a migraine coming on while flying.  I’ll try to stay hydrated and bring my medication next time.,['headache']
migraine, Could my neck pain be linked to my migraines?  I’ve been having a lot of neck stiffness lately.  I’ll start doing some stretches.,"['headache', 'neck_pain', 'stiffness']"
migraine," Is there a link between my family history and my migraines?  My mother gets migraines, so that might be why I’m experiencing them.  I’ll talk to my doctor about it.",['headache']
urinary tract infection," I've been feeling a constant urge to urinate, but not much comes out.  Yes, there’s a burning sensation every time I go.  For about two days now.  Yes, I’ve had a UTI once before.",[]
urinary tract infection," I’ve been urinating frequently and it’s been painful.  For about three days now.  Yes, my urine looks a little cloudy, but no blood.","['cloudy_urine', 'frequent_urination']"
urinary tract infection," I’ve been having lower abdominal pain and feeling like I need to pee all the time.  Yes, there’s a burning sensation every time.  I’ve been drinking water, but it doesn’t seem to help.",['abdominal_pain']
urinary tract infection," I’m feeling pressure in my lower abdomen and I have to urinate often, but only a little comes out.  Yes, there’s a slight burning sensation when I pee.  For about two days now.","['frequent_urination', 'painful_urination']"
urinary tract infection," I’ve been feeling an urgent need to urinate, and it’s been very painful.  No blood, but my urine is a bit darker than usual.  About three days now.",[]
urinary tract infection," My urine smells strange, and I feel pain when I go to the bathroom.  I drink water, but it still doesn’t seem to help.  About two days ago.",['frequent_urination']
urinary tract infection," I feel like I have to pee all the time, but when I do, it’s just a little bit.  Yes, it burns when I pee.  Yes, I’ve had a UTI in the past.",['painful_urination']
urinary tract infection," I’ve been feeling constant pressure in my bladder and painful urination.  Yes, it’s a bit cloudy and has a strong odor.  About four days now.","['cloudy_urine', 'painful_urination']"
urinary tract infection," I’ve been urinating a lot more than usual, and it’s very painful.  Yes, there’s pressure and some pain.  No blood, just pain.",['frequent_urination']
urinary tract infection," I have a burning sensation when I urinate, and I’m also feeling very fatigued.  No, just the burning and fatigue.  For about three days now.","['fatigue', 'painful_urination']"
urinary tract infection," I’ve been urinating frequently, and it’s very painful.  For two days.  Yes, there’s pressure and pain.",['frequent_urination']
urinary tract infection," I’ve been feeling a constant need to urinate and it burns when I do.  No, but the urine looks a bit cloudy.  About two days now.",['cloudy_urine']
urinary tract infection," I’ve been feeling pain in my lower back and when I urinate.  About three days.  No fever, but I do feel weak.",['fatigue']
urinary tract infection," I’ve been feeling a constant urge to pee, but when I try, nothing comes out.  Yes, there’s a burning sensation.  For about two days.",[]
urinary tract infection," I’ve been urinating frequently, and it hurts each time.  For a couple of days now.  No, just pain and urgency.",['frequent_urination']
urinary tract infection," I feel a constant pressure in my bladder and pain when I urinate.  Yes, it smells strong, and it looks cloudy.",['cloudy_urine']
urinary tract infection," I’ve been feeling pain in my pelvic region and frequent urination.  For the past three days.  Yes, I’ve had a UTI once.",['frequent_urination']
urinary tract infection," I’m experiencing a sharp pain when I urinate.  Yes, every time.  No, just the pain.",[]
urinary tract infection," I’ve been urinating a lot more often, and it’s painful each time.  Yes, I’ve been drinking water, but it doesn’t help.",['frequent_urination']
urinary tract infection," I’m feeling bloated and there’s pain when I urinate.  No fever, just the bloating and pain.",['bloating']
urinary tract infection, I’ve been feeling pain when I urinate and have been going to the bathroom more often than usual.  About four days now.  It’s a little darker than usual.,['frequent_urination']
urinary tract infection," Every time I urinate, I feel like something is stuck, and it's really painful.  Yes, there’s pressure as well.  A few days now.",[]
urinary tract infection," I’ve been urinating more frequently, but there’s not much that comes out.  Yes, there’s a burning sensation each time.  For about two days.",['frequent_urination']
urinary tract infection," I’ve been feeling a constant urge to urinate, but when I go, it’s painful.  Yes, it smells stronger than usual.  About three days.",[]
urinary tract infection," I’ve been feeling pressure in my bladder and pain when I urinate.  No fever, just the pain and pressure.  For the last few days.",[]
urinary tract infection," There’s pain when I urinate, and I feel like I have to go all the time.  Yes, I’ve been drinking water, but it’s still painful.  A few days now.",[]
urinary tract infection," I’ve been feeling really fatigued and I have a burning sensation when I pee.  For about two days.  Yes, it looks a bit cloudy.","['cloudy_urine', 'fatigue', 'painful_urination']"
urinary tract infection," I’ve been urinating frequently, but I don’t feel like I’m emptying my bladder completely.  Yes, it burns.  About two days.",['frequent_urination']
urinary tract infection," I feel a lot of pressure in my bladder, and it’s painful when I urinate.  No, just the pressure and pain.  For about three days.",[]
urinary tract infection," I’ve been feeling constant discomfort in my lower abdomen, and it’s painful when I go to the bathroom.  No, just the pain and discomfort.  For a few days now.",['frequent_urination']
urinary tract infection," I’ve been feeling pressure in my bladder, and there’s burning when I pee.  A few days now.",['painful_urination']
urinary tract infection," I’m urinating frequently, and each time it’s painful.  No blood, but it’s a bit cloudy.  For about three days.","['cloudy_urine', 'frequent_urination']"
urinary tract infection," I’ve been feeling weak and there’s pain when I urinate.  About two days now.  Yes, it has a strong odor.",['fatigue']
urinary tract infection," Every time I go to the bathroom, it burns and it feels like I need to go again right away.  No, just the burning and urgency.  For about three days.",['frequent_urination']
urinary tract infection," I’m urinating a lot, but only a small amount comes out each time, and it’s painful.  No blood, just some cloudiness.  For about two days now.",['frequent_urination']
urinary tract infection," I feel pressure in my bladder and there’s pain every time I urinate.  Yes, I’ve been drinking water, but it doesn’t help.  About two days.",[]
urinary tract infection," I’m feeling constant discomfort in my pelvic region, and urination is painful.  No, just the pelvic pain and frequent urination.  For about three days.",['frequent_urination']
urinary tract infection," I feel a burning sensation every time I go to the bathroom, and I have an urgent need to urinate.  For two days now.  Yes, it smells stronger than usual.",['frequent_urination']
urinary tract infection," There’s a sharp pain when I urinate and I feel like I need to go all the time.  No blood, just pain and frequent urination.  For about three days.",['frequent_urination']
urinary tract infection," I’ve been feeling bloated and it’s painful when I urinate.  No fever, just bloating and pain.  For about two days.",['bloating']
arthritis," I’ve been feeling pain in my joints, especially in my knees and hands.  It's been happening for a few months now, and it seems to be getting worse.  It comes and goes, but it’s especially worse in the mornings.  Yes, there’s some swelling in my knees and fingers.","['joint_pain', 'swelling']"
arthritis," I’ve been having pain and stiffness in my shoulders and elbows.  It’s worse when I try to lift things or stretch my arms.  Yes, there’s some swelling in my elbows.","['stiffness', 'swelling']"
arthritis," My fingers are stiff, and they hurt when I try to grip things.  Yes, my fingers are swollen, especially in the mornings.  What treatments are available for rheumatoid arthritis?","['stiffness', 'swelling']"
arthritis," I’ve been experiencing joint pain in my knees, and it’s been hard to walk lately.  It’s worse after walking or standing for a long time.  Yes, there’s some swelling, and the knees feel stiff.","['joint_pain', 'stiffness', 'swelling']"
arthritis," My lower back hurts all the time, and it’s hard to find a comfortable position to sleep in.  It’s mostly in my lower back, but sometimes I feel a dull ache down my legs.  What kind of treatments can help with this?",['back_pain']
arthritis," My hips have been hurting, especially when I walk or climb stairs.  It comes and goes, but it’s worse after I’ve been walking or standing for a while.  Yes, my hips feel stiff in the mornings.",['stiffness']
arthritis," I have pain in my hands and wrists, especially after using them for a while.  Yes, my wrists feel swollen, and there’s some stiffness in my fingers.  What are the treatment options for rheumatoid arthritis?","['joint_pain', 'stiffness', 'swelling']"
arthritis, I’ve been feeling a lot of pain and swelling in my knees and hips.  It’s worse after I’ve been walking or standing for a while.  How can I manage this pain in the meantime?,"['joint_pain', 'swelling']"
arthritis," I’ve been feeling stiffness and pain in my neck and shoulders.  It’s mostly in my neck and shoulders, but sometimes I feel a sharp pain in my upper back.  What treatments are available for arthritis in the neck?","['neck_pain', 'stiffness']"
arthritis," My elbows have been really painful, and I’m noticing some swelling.  Yes, it’s much worse when I try to lift or carry things.  What can I do to relieve the pain in the meantime?",['swelling']
arthritis," I’ve been feeling pain and swelling in my fingers, and they’ve been getting stiff.  It’s been happening for several months, and the pain gets worse in the mornings.  What treatments can help with this?","['joint_pain', 'stiffness', 'swelling']"
arthritis," I’ve been having pain and stiffness in my knees, especially when I bend them.  It’s worse after sitting for long periods, but I feel it when I walk too.  What can I do to help with the stiffness in the meantime?","['joint_pain', 'stiffness']"
arthritis," I’m experiencing pain in my lower back and hips, especially when walking or bending.  It’s been going on for a couple of months, and it’s been consistent.  Can physical therapy help with this pain?",[]
arthritis," I’ve been feeling stiffness and pain in my knees after running, and they’re swollen as well.  Yes, I’ve tried ice and ibuprofen, but it doesn’t seem to last long.  Would a knee brace help with the pain?","['joint_pain', 'stiffness', 'swelling']"
arthritis," My wrists have been hurting, and I have trouble gripping things.  Yes, my wrists feel swollen, and there’s some warmth, especially in the mornings.  Can rheumatoid arthritis cause permanent damage to the joints?",['swelling']
arthritis," My ankles have been swollen and painful, and it’s difficult to walk.  It gets worse after walking or standing for a while.  What treatments are typically recommended for arthritis in the ankles?",['swelling']
arthritis," I’ve been having pain and stiffness in my lower back, and it’s making it hard to bend.  It’s mostly in my lower back, but sometimes I feel a dull ache down my legs.  How can I manage the pain in the meantime?",['stiffness']
arthritis," My hips have been aching, and I feel stiffness when I try to move them.  Yes, the pain is worse when I stand up after sitting for a while or after walking for a long time.  Can physical therapy help with the stiffness and pain?",['stiffness']
arthritis," I’ve been feeling pain and swelling in my knees, especially after physical activity.  Yes, my knees feel warm, and there’s some redness after a workout.  What are some ways to prevent the pain from getting worse?","['joint_pain', 'skin_redness', 'swelling']"
arthritis," I’ve been dealing with persistent pain in my fingers, and they’re feeling quite stiff in the mornings.  Yes, my fingers look slightly swollen, and they feel stiff throughout the day.  Are there any medications that can help with this?","['joint_pain', 'stiffness', 'swelling']"
arthritis," My knees hurt whenever I try to go up or down stairs.  It gets worse after walking or climbing stairs, but it improves with rest.  How can I relieve the pain while waiting for an appointment?",['joint_pain']
arthritis, I’ve been having trouble with pain and swelling in my elbows.  It’s worse when I try to lift anything or even bend my elbows.  Should I avoid using my elbow completely until I see a doctor?,['swelling']
arthritis," I’ve noticed my hands hurt, especially when I try to grip or hold something.  Yes, my hands feel stiff in the mornings and are often swollen by the evening.  Can I still exercise if I have rheumatoid arthritis in my hands?","['stiffness', 'swelling']"
arthritis," My lower back has been aching for a few weeks now.  It’s mostly in my lower back, but sometimes I feel a dull ache in my legs.  Can physical therapy help with this kind of pain?",[]
arthritis, I’ve been feeling stiffness and pain in my shoulders and neck.  It’s worse when I try to turn my head or lift my arms.  Will stretching exercises help with the stiffness?,['stiffness']
arthritis," My hips are aching, and I feel stiff when I wake up in the morning.  Yes, the pain is worse when I walk for a long time or climb stairs.  Will weight loss help with the pain?","['stiffness', 'weight_loss']"
arthritis," I’ve been feeling pain and swelling in my knees for a while now.  Yes, the pain is worse when I stand for too long or walk too much.  What treatments are commonly used for osteoarthritis in the knees?","['joint_pain', 'swelling']"
arthritis," I’ve been having joint pain and stiffness in my fingers and toes.  Yes, some of my joints are a little red, and there’s some warmth around them too.  How is rheumatoid arthritis treated?","['joint_pain', 'skin_redness', 'stiffness']"
arthritis," My ankles hurt, especially after walking for long periods.  Yes, they swell a little, and they feel tender when I touch them.  Would wearing ankle supports help with the pain?",['swelling']
arthritis," I’ve been feeling pain and stiffness in my knees, and it’s difficult to climb stairs.  It’s worse after walking or climbing stairs.  Can a knee brace help relieve the pain?","['joint_pain', 'stiffness']"
arthritis," I’ve been feeling pain in my elbows when I lift things or even when I rest them.  It gets worse when I move my arms, especially when I try to lift or carry things.  Are there exercises I can do to help with the pain?",[]
arthritis," My shoulders are stiff, and it’s hard to move them without pain.  It’s worse when I try to lift or stretch my arms.  Will physical therapy help with the stiffness?",['stiffness']
arthritis, The pain is worse when I walk or go up stairs.  What treatments can help ease the pain?,[]
arthritis," I’ve been having persistent pain and swelling in my knees for months now.  The pain comes and goes, but the swelling is there most of the time.  Would a knee brace help reduce the swelling?","['joint_pain', 'swelling']"
arthritis," I’ve been having pain and stiffness in my fingers, especially in the mornings.  Yes, my fingers feel swollen and stiff in the mornings, and they improve throughout the day.  Can physical therapy help with the stiffness in my fingers?","['joint_pain', 'stiffness', 'swelling']"
arthritis," My shoulders hurt, and I feel stiffness when I try to raise my arms.  The pain is worse in the morning, and it becomes difficult to raise my arms after a long day.  Should I avoid lifting heavy things in the meantime?",['stiffness']
arthritis," My hips have been aching, and I can feel stiffness when I try to move them.  Yes, it gets worse after standing for a while or walking for long distances.  Will losing weight help with the pain?","['stiffness', 'weight_loss']"
arthritis," My back has been hurting a lot, especially in the lower part.  It’s mostly in my lower back, but sometimes I feel a sharp pain down my leg.  What treatments can help with this kind of pain?",[]
arthritis," My knees have been painful, and I have trouble getting up after sitting for a while.  It gets a little better when I walk around, but it’s still there.  What kinds of treatments can help with osteoarthritis in the knees?",['joint_pain']
arthritis," I’ve been experiencing pain and swelling in my elbows, especially when I try to bend them.  Yes, the pain is worse when I lift things or even after typing for a long time.  Should I rest my elbows until I can see a doctor?",['swelling']
peptic ulcer disease," I’ve been feeling a sharp pain in my stomach after eating.  It’s mostly in the upper part of my stomach, just below my ribs.  Yes, spicy foods and coffee seem to make it worse.  I’ll schedule an appointment. Thanks for the advice.",['abdominal_pain']
peptic ulcer disease," I’ve been having a lot of indigestion and bloating lately.  Yes, there’s a burning sensation, especially at night.  I’ll check with my doctor. Thanks!",['bloating']
peptic ulcer disease," I feel nauseous after eating and sometimes even vomit.  Yes, I also get heartburn frequently.  I’ll get it checked out soon.","['heartburn', 'nausea', 'vomiting']"
peptic ulcer disease," My stomach hurts a lot in the morning, and it gets better after eating.  I’ve been feeling more tired than usual, but no weight loss.  Thanks! I’ll make an appointment.","['abdominal_pain', 'fatigue']"
peptic ulcer disease," I noticed black stools recently. Could that be related to my stomach pain?  Yes, I’ve felt faint a few times.  I’ll go to the doctor right away. Thanks for the warning.",['abdominal_pain']
peptic ulcer disease," I get pain in my stomach that feels like it’s burning.  Yes, I take ibuprofen often for headaches.  I’ll try to avoid ibuprofen and talk to my doctor.","['abdominal_pain', 'headache']"
peptic ulcer disease," I’ve been feeling full quickly when I eat, even if I haven’t eaten much.  Yes, I do feel nauseous sometimes after eating.  I’ll make an appointment to get checked.",['nausea']
peptic ulcer disease," I feel like I’m getting stomach cramps after eating, especially after meals with acidic foods.  Yes, I do get heartburn, especially after spicy foods.  I’ll talk to my doctor soon.","['abdominal_pain', 'heartburn']"
peptic ulcer disease," I’ve been getting a lot of stomach pain after drinking coffee.  Yes, the pain becomes more intense after coffee.  I’ll try cutting out coffee for a while.",['abdominal_pain']
peptic ulcer disease," I’ve noticed that my stomach hurts a lot when I’m stressed.  Yes, it definitely seems worse when I’m stressed.  I’ll see if they can help with that.",['abdominal_pain']
peptic ulcer disease, My stomach pain feels worse after I eat anything with dairy.  I haven’t tried that yet.  I’ll avoid dairy and make an appointment.,['abdominal_pain']
peptic ulcer disease," I’ve had constant bloating and discomfort in my stomach.  Yes, I feel bloated after meals, especially with fatty foods.  I’ll go soon. Thanks.",['bloating']
peptic ulcer disease," I’ve been burping a lot after meals, and my stomach feels unsettled.  Yes, I have heartburn too, especially after eating.  I’ll schedule a check-up.",['heartburn']
peptic ulcer disease," My stomach pain is worse when I lie down at night.  Yes, I can’t seem to get comfortable at night.  I’ll talk to them about it.",['abdominal_pain']
peptic ulcer disease," I’ve been feeling tired and weak lately, and my stomach has been hurting.  I’ve been eating less because of the pain.  I’ll see a doctor soon.",['fatigue']
peptic ulcer disease, I feel pain in my stomach every time I skip a meal.  I haven’t tried that yet.  Thanks for the suggestion!,['abdominal_pain']
peptic ulcer disease," I sometimes feel like there’s something stuck in my stomach after eating.  Yes, there’s mild pain sometimes.  I’ll make an appointment.",[]
peptic ulcer disease," I’ve been feeling nauseous and bloated every time I eat.  Yes, greasy foods seem to make it worse.  I’ll talk to them.","['bloating', 'nausea']"
peptic ulcer disease," I keep having this burning sensation in my stomach, and it’s worse in the morning.  I haven’t tried that.  I’ll give it a try.",['abdominal_pain']
peptic ulcer disease," I’ve been experiencing stomach pain and sometimes I get heartburn.  Yes, it tends to get worse after meals, especially spicy ones.  I’ll make an appointment soon.","['abdominal_pain', 'heartburn']"
peptic ulcer disease," I’ve been experiencing burning stomach pain for the past few weeks, and it seems to get worse after meals.  It definitely gets worse after eating anything spicy or greasy.  I’ve tried eating smaller meals, but I can’t avoid spicy food. It’s hard for me!  I’ll give that a try. Thanks for the advice!",['abdominal_pain']
peptic ulcer disease," I’m constantly bloated after meals, and my stomach hurts, especially at night.  Yes, I sometimes feel acid coming up into my throat, and it makes me cough.  I’ll make an appointment with my doctor. Thanks for the help.","['abdominal_pain', 'bloating', 'cough', 'heartburn']"
peptic ulcer disease," I’ve noticed black stools recently, and I’ve been feeling weak and dizzy.  Yes, I feel weak and dizzy often, especially after meals.  I’ll go to the doctor immediately. Thanks for the warning.","['dizziness', 'fatigue']"
peptic ulcer disease," I have pain in the upper part of my stomach, and it feels like a gnawing sensation. It gets worse when I’m hungry.  Eating seems to help, but the pain comes back after a while.  I’ll make an appointment. Thanks for your help.",[]
peptic ulcer disease," I’ve been experiencing a lot of discomfort after eating, and sometimes I feel like something is stuck in my chest.  Yes, sometimes I feel like food is coming back up into my throat.  Not yet, but I’ll make an appointment soon.  Thanks for the advice!",[]
peptic ulcer disease," My stomach hurts when I get stressed, and I’ve noticed I get more pain when I’m anxious.  Yes, it’s definitely worse when I’m stressed out, especially after a busy day at work.  I’ve tried breathing exercises, but it doesn’t seem to help much.  I’ll try to manage my stress better, and I’ll see my doctor for treatment.",['abdominal_pain']
peptic ulcer disease," I’ve been feeling very tired lately, and I’m not eating much because my stomach hurts.  It’s been going on for a couple of weeks now.  I think I need to. I’ll make an appointment.  Thanks for the advice!",['fatigue']
peptic ulcer disease," I feel nausea and a burning sensation in my stomach in the mornings, but it gets better after I eat.  Sometimes I feel bloated, and the pain can keep me awake.  I’ll definitely make an appointment. Thanks!","['abdominal_pain', 'bloating', 'nausea']"
peptic ulcer disease," I’ve been feeling full quickly when I eat, and it’s uncomfortable.  Yes, I get stomach cramps sometimes, and I feel a bit nauseous after eating.  I’ll book an appointment soon.","['abdominal_pain', 'nausea']"
peptic ulcer disease," I’ve been having stomach pain that feels like a burning or gnawing sensation, especially when I’m hungry.  It helps a little, but the pain comes back after a while.  I’ll make an appointment to get it checked out.",['abdominal_pain']
peptic ulcer disease," My stomach feels tight and painful, and I feel bloated often.  It seems to get worse after eating, especially after big meals.  I’ll try to eat smaller meals and talk to my doctor.",['bloating']
peptic ulcer disease, I’ve noticed that my stomach pain is worse at night.  I haven’t tried that yet.  I’ll give it a try tonight. Thanks!,['abdominal_pain']
peptic ulcer disease," I’ve had stomach pain for a while, and it seems to get worse when I’m stressed.  Eating helps a little, but it doesn’t completely go away.  I’ll try to manage my stress better and see a doctor.",['abdominal_pain']
peptic ulcer disease," I’ve been having pain in my stomach and sometimes feel lightheaded, especially after meals.  My stool has been a bit darker recently, and I’ve felt a little dizzy at times.  I’ll go to the doctor today. Thank you for pointing that out.","['abdominal_pain', 'dizziness']"
peptic ulcer disease," I’m waking up with stomach cramps every morning. The pain is intense but fades a little after I eat.  I’ve been taking over-the-counter antacids, but they only seem to help a little.  I’ll see my doctor soon. Thanks for the advice.",['abdominal_pain']
peptic ulcer disease," My stomach has been bloated, and I feel nauseous a lot after meals. I also have some pain in my upper stomach area.  It’s more of a dull ache, but it’s constant.  I’ll be more careful with what I eat and book an appointment with my doctor.","['bloating', 'nausea']"
peptic ulcer disease," I’ve been losing my appetite, and even the thought of food makes me nauseous. My stomach is also constantly hurting.  Yes, I’ve lost a little weight recently because I don’t feel like eating much.  I’ll schedule an appointment right away. Thanks for the help!",['nausea']
peptic ulcer disease," I’ve been getting a lot of stomach pain, and sometimes I can’t even drink water without it hurting.  Yes, it’s definitely worse when I haven’t eaten for a while.  I’ll go to the doctor tomorrow. Thank you!",['abdominal_pain']
peptic ulcer disease," I’ve been feeling like there’s pressure in my stomach after eating, and I’ve been burping a lot.  It seems to happen more when I eat greasy or fried foods.  I’ll avoid greasy foods and book a doctor’s appointment soon.",[]
peptic ulcer disease," I’ve been feeling so fatigued lately, and I’m getting stomach pain too. Could they be related?  My stool has been a bit darker, and I feel a bit nauseous sometimes.  I’ll make an appointment today. Thanks for your help.","['abdominal_pain', 'fatigue', 'nausea']"
cervical spondylosis," I’ve been having neck pain and stiffness lately. Could it be cervical spondylosis?  Yes, my arms sometimes feel tingly, especially in the morning.  I’ll make an appointment.","['neck_pain', 'numbness_tingling', 'stiffness']"
cervical spondylosis," My neck feels stiff when I wake up, and the pain worsens throughout the day.  I often sleep with my neck in an awkward position.  I’ll try using a neck pillow.","['neck_pain', 'stiffness']"
cervical spondylosis, How can I tell if my neck pain is due to cervical spondylosis or just regular muscle strain?  My pain has been ongoing for a few months.  I’ll see my doctor soon.,"['constipation', 'neck_pain']"
cervical spondylosis, I’ve been having a headache along with my neck pain. Could they be connected?  The pain feels like it’s coming from the back of my head.  I’ll mention this to my doctor.,"['headache', 'neck_pain']"
cervical spondylosis," I’ve heard cervical spondylosis is related to aging. Is that true?  I’m in my 40s, so could it be starting for me?  I’ll make an appointment.",[]
cervical spondylosis, I’ve been doing a lot of desk work lately. Could that be causing my neck pain?  I tend to slouch when I sit at my desk.  I’ll start taking more breaks.,['neck_pain']
cervical spondylosis, I have trouble turning my head because of pain in my neck. Is that a sign of cervical spondylosis?  It’s been getting harder to turn my head to the left.  I’ll check with my doctor.,['neck_pain']
cervical spondylosis, Is there a way to prevent cervical spondylosis from getting worse?  I’m going to work on my posture.  I’ll look into neck exercises.,[]
cervical spondylosis, I’ve heard that physical therapy can help with cervical spondylosis. How does it work?  I’ve never tried physical therapy before.  That sounds helpful.,[]
cervical spondylosis, Can medications help with the pain from cervical spondylosis?  I’ve been taking over-the-counter ibuprofen.  I’ll talk to my doctor if it doesn’t improve.,[]
cervical spondylosis," I’m worried my cervical spondylosis will affect my ability to work.  I work in construction, so I use my neck a lot.  I’ll discuss this with my employer.",[]
cervical spondylosis, I’m starting to notice that I’m having trouble lifting things because of my neck pain. Could that be related to cervical spondylosis?  I’ve had some weakness in my arms recently.  I’ll make an appointment soon.,"['fatigue', 'neck_pain']"
cervical spondylosis, I’ve heard that cervical spondylosis can lead to nerve damage. Is that true?  I’ve been feeling some numbness in my hands.  I’ll get an appointment scheduled.,['numbness_tingling']
cervical spondylosis, How can I tell if my neck pain is from cervical spondylosis or a herniated disc?  My pain has been getting worse over time.  I’ll ask for an MRI.,['neck_pain']
cervical spondylosis, Can chiropractic care help with cervical spondylosis?  I’ve been thinking about seeing a chiropractor.  I’ll check with my doctor first.,[]
cervical spondylosis, Is surgery ever needed for cervical spondylosis?  I hope it doesn’t come to that.  I’ll focus on non-surgical treatments.,[]
cervical spondylosis, I’ve read that lifestyle changes can help with cervical spondylosis. What kinds of changes should I make?  I sit for long hours at my desk every day.  I’ll start doing that.,[]
cervical spondylosis, I’m afraid that my neck pain might be permanent. Is that the case with cervical spondylosis?  That’s a relief to hear.  I’ll stay consistent with my treatment.,['neck_pain']
cervical spondylosis, I’ve heard that weight can affect cervical spondylosis. Should I be concerned about my weight?  I’ve been trying to lose a little weight.  I’ll keep working on it.,[]
cervical spondylosis, Can stress make cervical spondylosis worse?  I’ve been feeling really stressed lately.  I’ll try doing yoga.,[]
cervical spondylosis, My doctor suggested I try using a neck brace. How does that help with cervical spondylosis?  Is it safe to wear one for long periods?  I’ll follow my doctor’s advice on how long to wear it.,[]
cervical spondylosis, I’m experiencing shoulder pain along with my neck stiffness. Could this be related to cervical spondylosis?  I didn’t realize it could affect my shoulders too.  I’ll ask my doctor about this.,"['neck_pain', 'stiffness']"
cervical spondylosis, I feel like my neck pain is worse at the end of the day. Is that normal with cervical spondylosis?  I spend a lot of time hunched over my computer.  I’ll set up my workstation better and take breaks more often.,['neck_pain']
cervical spondylosis, Is there any way to prevent cervical spondylosis from getting worse over time?  I haven’t been exercising much lately.  I’ll start exercising more regularly.,[]
cervical spondylosis, I’ve been getting shooting pain down my arm. Could this be a sign of nerve compression from cervical spondylosis?  It’s been happening more often lately.  I’ll make an appointment.,[]
cervical spondylosis, I’ve heard that acupuncture can help with neck pain. Is it effective for cervical spondylosis?  I’ve never tried acupuncture before.  I’ll ask my doctor if it’s a good option for me.,['neck_pain']
cervical spondylosis, What are some stretches I can do to help with my neck pain from cervical spondylosis?  I’ll try those stretches.  I’ll start incorporating them into my routine.,['neck_pain']
cervical spondylosis, I’ve noticed that my neck pain is worse after lifting heavy objects. Could that be causing more damage to my spine?  I don’t always lift things correctly.  I’ll pay more attention to my form.,['neck_pain']
cervical spondylosis," Can smoking make cervical spondylosis worse?  I smoke, but I’ve been thinking about quitting.  I’ll talk to my doctor about quitting.",[]
cervical spondylosis, I’ve heard that heat or ice helps with neck pain. Which is better for cervical spondylosis?  My neck feels more stiff than painful.  I’ll try that.,"['neck_pain', 'stiffness']"
cervical spondylosis, Can physical therapy completely heal cervical spondylosis?  So it won’t go away completely?  I’ll focus on managing the symptoms.,[]
cervical spondylosis, I feel like I’m constantly battling neck pain. Is this something I’ll have to deal with for the rest of my life?  I’m worried it will keep getting worse.  I’ll stick with a consistent treatment plan.,['neck_pain']
cervical spondylosis, Can cervical spondylosis affect my balance?  I’ve been feeling a little off-balance lately.  I’ll make an appointment soon.,[]
cervical spondylosis," Are there any medications that can help with the pain from cervical spondylosis?  I’ve been taking ibuprofen, but it doesn’t seem to help much.  I’ll talk to my doctor about other options.",[]
cervical spondylosis, I’m wondering if physical therapy is covered by insurance for cervical spondylosis treatment.  I’ll check with my insurance.,[]
cervical spondylosis, I’ve read about using a TENS unit for neck pain. Could that help with cervical spondylosis?  I’ve never used one before.  I’ll ask my physical therapist about it.,['neck_pain']
cervical spondylosis, I’m concerned about long-term mobility issues due to cervical spondylosis. Will it get harder to move my neck as I age?  I’m worried it will limit my ability to do everyday activities.  I’ll focus on staying active and following my treatment plan.,[]
cervical spondylosis," Should I be concerned about developing more severe symptoms, like paralysis, with cervical spondylosis?  I haven’t had any severe symptoms like that, thankfully.  I’ll keep an eye on it.",[]
cervical spondylosis, Are there any natural remedies or supplements that could help with cervical spondylosis pain?  I’ve heard about turmeric for inflammation.  I’ll mention it to my doctor.,[]
cervical spondylosis," I’ve been having trouble sleeping because of my neck pain. Do you have any tips for sleeping better with cervical spondylosis?  I sleep on my side, but I don’t think my pillow supports my neck well.  I’ll try switching pillows.",['neck_pain']
chicken pox," I’ve noticed some red spots on my skin.  They’re raised and seem to be spreading.  Yes, they’re really itchy.  Yes, I’ve had a low fever for a couple of days.","['fever', 'itching', 'rash', 'skin_redness']"
chicken pox," My skin is covered in itchy blisters.  They’re everywhere, especially on my chest and back.  Yes, I’ve had chills and a mild fever.","['blisters', 'chills', 'fever', 'itching']"
chicken pox," I have itchy bumps on my skin that look like blisters.  Yes, I’ve been feeling quite tired and have a low-grade fever.","['blisters', 'fatigue', 'fever', 'itching']"
chicken pox," My body is covered with itchy red spots.  They look like blisters that are filled with fluid.  Yes, I’ve had a fever for the past two days.","['blisters', 'fever', 'itching', 'rash', 'skin_redness']"
chicken pox," I have small red spots that are itching a lot.  Yes, some of them are turning into blisters.  Yes, I’ve been feeling very tired with a slight fever.","['blisters', 'fatigue', 'fever', 'itching', 'rash', 'skin_redness']"
chicken pox," I feel really itchy all over my body, and I see red bumps.  Yes, they’re becoming small fluid-filled blisters.  Yes, I have a mild fever and feel really weak.","['blisters', 'fatigue', 'fever', 'itching', 'rash', 'skin_redness']"
chicken pox," I have a rash that’s really itchy.  There are small red spots, and some of them are blistering.  Yes, I have a low fever and feel exhausted.","['fatigue', 'fever', 'itching', 'rash', 'skin_redness']"
chicken pox," I have blisters on my skin, and they itch a lot.  They’re on my chest, back, and face.  Yes, I’ve had all of those symptoms.","['blisters', 'itching']"
chicken pox," I’m feeling very itchy and have small red spots.  Yes, they are.  Yes, I have a mild fever and feel tired.","['fatigue', 'fever', 'itching', 'rash', 'skin_redness']"
chicken pox," I’ve got red spots on my body that are really itchy.  Yes, they are.  Yes, I’ve had a fever and feel weak.","['fatigue', 'fever', 'itching', 'rash', 'skin_redness']"
chicken pox," I have a rash with small blisters that’s very itchy.  Yes, I’ve had a fever for a couple of days.","['blisters', 'fever', 'itching', 'rash']"
chicken pox," I’m breaking out in itchy red bumps.  Yes, some of them are blistering.  Yes, I’ve had a mild fever and feel weak.","['fatigue', 'fever', 'itching', 'pimples', 'rash', 'skin_redness']"
chicken pox," I have red, itchy spots on my skin.  Yes, they are.  Yes, I have a low-grade fever.","['fever', 'itching', 'rash', 'skin_redness']"
chicken pox," My skin is covered with red itchy bumps.  Some are blistering, and others are already scabs.  Yes, I’ve had a mild fever and feel exhausted.","['fatigue', 'fever', 'itching', 'skin_redness']"
chicken pox," I have itchy red spots and some blisters.  Yes, I’ve had a fever for a few days now.","['blisters', 'fever', 'itching', 'rash', 'skin_redness']"
chicken pox," My skin is breaking out in small red bumps.  Yes, they’re starting to blister.  Yes, I’ve had chills and a low fever.","['blisters', 'chills', 'fever', 'pimples', 'rash', 'skin_redness']"
chicken pox," I have red, itchy spots and blisters on my body.  Yes, I have a mild fever and feel quite weak.","['blisters', 'fatigue', 'fever', 'itching', 'rash', 'skin_redness']"
chicken pox," I have bumps on my skin that are turning into blisters.  Yes, I have a fever and feel exhausted.","['blisters', 'fatigue', 'fever']"
chicken pox," I feel itchy and have red bumps on my skin.  Yes, they’re blistering.  Yes, I have a mild fever.","['fever', 'itching', 'rash', 'skin_redness']"
chicken pox," I’ve got a rash that’s itchy and blistering.  Yes, I’ve had a fever and feel weak.","['fatigue', 'fever', 'itching', 'rash']"
chicken pox," My skin is covered in itchy, red bumps.  Some of them are blistering.  Yes, I’ve had a fever and feel tired.","['fatigue', 'fever', 'itching', 'rash', 'skin_redness']"
chicken pox," I have fluid-filled blisters on my skin.  Yes, they are extremely itchy.  Yes, I’ve been feeling feverish and weak.","['blisters', 'fatigue', 'fever', 'itching']"
chicken pox," My body is covered in red spots that look like blisters.  Yes, I have a low fever and feel quite exhausted.","['blisters', 'fatigue', 'fever', 'rash', 'skin_redness']"
chicken pox," I’ve developed a rash with itchy blisters.  They’re all over my body, especially on my back and chest.  Yes, I’ve had a mild fever and feel very tired.","['blisters', 'fatigue', 'fever', 'itching', 'rash']"
chicken pox," I have small red bumps on my skin that are blistering.  Yes, I have a low fever and feel very tired.","['fatigue', 'fever', 'rash', 'skin_redness']"
chicken pox," I’m breaking out in itchy blisters all over my body.  Yes, I’ve had a mild fever and feel weak.","['blisters', 'fatigue', 'fever', 'itching', 'pimples']"
chicken pox," I’ve noticed red spots on my skin that are turning into blisters.  Yes, I’ve had a fever and feel pretty weak.","['blisters', 'fatigue', 'fever', 'rash', 'skin_redness']"
chicken pox," I have a rash with raised, fluid-filled bumps.  Yes, I’ve had a fever and chills.","['blisters', 'chills', 'fever', 'rash']"
chicken pox," I have blisters on my skin, and they’re really itchy.  Yes, I’ve had a mild fever for a few days.","['blisters', 'fever', 'itching']"
chicken pox," My skin is covered in red, itchy bumps.  Yes, some of them are turning into blisters.  Yes, I’ve had a mild fever and feel exhausted.","['blisters', 'fatigue', 'fever', 'itching', 'skin_redness']"
chicken pox," I have fluid-filled blisters that are itchy.  Yes, I’ve had a fever and feel weak.","['blisters', 'fatigue', 'fever', 'itching']"
chicken pox," I’ve developed a rash that’s very itchy and blistering.  They’re mostly on my torso, but some are on my arms.  Yes, I’ve had a low fever and feel tired.","['fatigue', 'fever', 'itching', 'rash']"
chicken pox," My body is covered in itchy blisters.  Yes, some of them are.  Yes, I’ve had chills and a mild fever.","['blisters', 'chills', 'fever', 'itching']"
chicken pox," I have itchy blisters that are spreading all over my body.  Yes, I’ve had a fever and feel very tired.","['blisters', 'fatigue', 'fever', 'itching']"
chicken pox," I’m developing blisters all over my body.  Yes, they are.  Yes, I’ve had a mild fever and feel fatigued.","['blisters', 'fatigue', 'fever']"
chicken pox," I have a rash with red, itchy bumps.  Some of them are turning into blisters.  Yes, I have a low fever and feel exhausted.","['blisters', 'fatigue', 'fever', 'itching', 'rash', 'skin_redness']"
chicken pox," I’ve noticed red, itchy blisters on my body.  Yes, I have a fever and feel weak.","['blisters', 'fatigue', 'fever', 'itching', 'skin_redness']"
chicken pox," I have blisters that are spreading on my skin.  Yes, I’ve been feeling very tired and have a mild fever.","['blisters', 'fatigue', 'fever']"
chicken pox," I have a rash with raised, fluid-filled blisters.  Yes, they’re all over my chest, back, and face.  Yes, I’ve had a low fever and feel fatigued.","['blisters', 'fatigue', 'fever', 'rash']"
chicken pox," I’m experiencing a rash that’s very itchy.  Yes, some of them are forming blisters.  Yes, I’ve had a fever and feel very tired.","['blisters', 'fatigue', 'fever', 'itching', 'rash']"
typhoid," I've been feeling feverish for a few days.  Around 101°F.  Yes, I’ve had stomach pain and some diarrhea.  Yes, I just returned from India.","['abdominal_pain', 'diarrhea', 'fever']"
typhoid," I’ve had a persistent fever for the last few days.  Yes, I have abdominal pain and a feeling of weakness.  Yes, I was in Southeast Asia last month.","['abdominal_pain', 'fatigue', 'fever']"
typhoid," I’ve been feeling nauseous and feverish.  For about four days now.  Yes, I’ve had some stomach cramps and diarrhea.  Yes, I was in a rural area of Africa.","['abdominal_pain', 'diarrhea', 'fever', 'nausea']"
typhoid," I’ve had a high fever and feel really weak.  For about a week now.  Yes, I’ve had stomach pain and some loose stools.  Yes, I just returned from a trip to India.","['abdominal_pain', 'diarrhea', 'fatigue', 'fever']"
typhoid," My stomach hurts, and I have a fever.  For about five days.  Yes, I’ve been feeling very weak and have had diarrhea.  Yes, I was in Southeast Asia last month.","['abdominal_pain', 'diarrhea', 'fatigue', 'fever']"
typhoid," I’ve been running a high fever for several days.  Around 102°F.  Yes, I’ve had stomach cramps and diarrhea.  Yes, I visited some rural areas in Africa.","['abdominal_pain', 'diarrhea', 'fever']"
typhoid," I’ve been feeling nauseous and feverish for a few days now.  Yes, I’ve had some stomach pain and loose stools.  Yes, I was in India last month.","['abdominal_pain', 'diarrhea', 'fever', 'nausea']"
typhoid," I’ve had a fever for the past few days, and my stomach hurts.  Yes, I’ve had diarrhea and feeling weak.  Yes, I visited Southeast Asia a few weeks ago.","['abdominal_pain', 'diarrhea', 'fatigue', 'fever']"
typhoid," I’ve been feeling really weak and feverish.  For about a week now.  Yes, I’ve had abdominal pain and diarrhea.  Yes, I traveled to India last month.","['abdominal_pain', 'diarrhea', 'fatigue', 'fever']"
typhoid," I’ve been feeling feverish and weak, and my stomach hurts.  Yes, I’ve had both.  Yes, I was in Southeast Asia.","['abdominal_pain', 'fatigue', 'fever']"
typhoid," I have a fever, stomach pain, and feel really tired.  For about four days.  Yes, I’ve been having diarrhea.  Yes, I recently visited India.","['abdominal_pain', 'diarrhea', 'fatigue', 'fever']"
typhoid," I’ve been feeling feverish and have stomach cramps.  For about five days.  Yes, I’ve had some diarrhea.  Yes, I went to Southeast Asia recently.","['abdominal_pain', 'diarrhea', 'fever']"
typhoid," I’ve been feeling feverish and weak with stomach pain.  Yes, I’ve had diarrhea.  Yes, I just got back from India.","['abdominal_pain', 'diarrhea', 'fatigue', 'fever']"
typhoid," I’ve had a high fever and stomach pain for a few days.  Yes, I’ve had diarrhea.  Yes, I visited Southeast Asia.","['abdominal_pain', 'diarrhea', 'fever']"
typhoid," I have a fever, stomach cramps, and diarrhea.  For about a week now.  Yes, I was in Africa a few weeks ago.","['abdominal_pain', 'diarrhea', 'fever']"
typhoid," My stomach hurts, and I’ve been feeling feverish.  For about four days.  Yes, I’ve had diarrhea.  Yes, I went to India.","['abdominal_pain', 'diarrhea', 'fever']"
typhoid," I’ve been feeling nauseous and feverish for the past few days.  Yes, I’ve had stomach cramps and diarrhea.  Yes, I just returned from Africa.","['abdominal_pain', 'diarrhea', 'fever', 'nausea']"
typhoid," I’ve had a fever for a few days, and my stomach hurts.  Yes, I’ve had diarrhea and feel weak.  Yes, I was in India recently.","['abdominal_pain', 'diarrhea', 'fatigue', 'fever']"
typhoid," My stomach hurts, and I’ve been running a fever.  Yes, I’ve had diarrhea.  Yes, I visited Southeast Asia.","['abdominal_pain', 'diarrhea', 'fever']"
typhoid," I feel weak, and I’ve had stomach pain and fever.  Yes, I’ve had diarrhea.  Yes, I was in Africa.","['abdominal_pain', 'diarrhea', 'fatigue', 'fever']"
typhoid," I’ve had a fever for several days and feel very weak.  Yes, I have stomach pain and diarrhea.  Yes, I went to Southeast Asia a few weeks ago.","['abdominal_pain', 'diarrhea', 'fatigue', 'fever']"
typhoid," I feel feverish and have stomach pain.  Yes, I’ve had diarrhea and some nausea.  Yes, I was in India recently.","['abdominal_pain', 'diarrhea', 'fever', 'nausea']"
typhoid," I’ve been feeling feverish and nauseous for the past few days.  Yes, I’ve had both.  Yes, I was in Southeast Asia last month.","['fever', 'nausea']"
typhoid," I have stomach cramps and a fever.  About five days now.  Yes, I’ve had diarrhea.  Yes, I visited India last month.","['abdominal_pain', 'diarrhea', 'fever']"
typhoid," I feel weak and have had a fever for a few days.  Yes, I have stomach cramps and diarrhea.  Yes, I was in Southeast Asia recently.","['abdominal_pain', 'diarrhea', 'fatigue', 'fever']"
typhoid," I’ve been feeling feverish and weak for a few days.  Yes, I’ve had stomach pain and diarrhea.  Yes, I was in India last month.","['abdominal_pain', 'diarrhea', 'fatigue', 'fever']"
typhoid," I have a fever, stomach cramps, and diarrhea.  For about a week now.  Yes, I was in Southeast Asia.","['abdominal_pain', 'diarrhea', 'fever']"
typhoid," I feel feverish and have stomach pain.  Yes, I’ve had diarrhea.  Yes, I visited India recently.","['abdominal_pain', 'diarrhea', 'fever']"
typhoid," I’ve had a fever and stomach cramps for the past few days.  Yes, I’ve had diarrhea.  Yes, I was in Southeast Asia last month.","['abdominal_pain', 'diarrhea', 'fever']"
typhoid," I’ve been feeling feverish and weak with stomach pain.  Yes, I’ve had diarrhea.  Yes, I visited India.","['abdominal_pain', 'diarrhea', 'fatigue', 'fever']"
typhoid," I’ve been having a fever and stomach pain.  For about five days now.  Yes, I’ve had diarrhea.  Yes, I was in Southeast Asia.","['abdominal_pain', 'diarrhea', 'fever']"
typhoid," I’ve been feeling feverish for the last few days.  Yes, I’ve had stomach cramps and diarrhea.  Yes, I visited India recently.","['abdominal_pain', 'diarrhea', 'fever']"
typhoid," I feel weak and have had a fever for a few days.  Yes, I’ve had stomach cramps and diarrhea.  Yes, I was in Southeast Asia.","['abdominal_pain', 'diarrhea', 'fatigue', 'fever']"
typhoid," I’ve had stomach cramps, diarrhea, and a fever.  For about a week.  Yes, I was in Southeast Asia last month.","['abdominal_pain', 'diarrhea', 'fever']"
typhoid," I’ve been feeling feverish and nauseous.  Yes, I have stomach cramps and diarrhea.  Yes, I visited India recently.","['abdominal_pain', 'diarrhea', 'fever', 'nausea']"
typhoid," I feel weak, and I’ve had a fever for a few days.  Yes, I’ve had stomach pain and diarrhea.  Yes, I was in Southeast Asia.","['abdominal_pain', 'diarrhea', 'fatigue', 'fever']"
typhoid," I’ve had a fever and stomach cramps.  Yes, I’ve had diarrhea.  Yes, I was in India.","['abdominal_pain', 'diarrhea', 'fever']"
typhoid," I’ve been feeling feverish and nauseous.  Yes, I’ve had stomach pain and diarrhea.  Yes, I was in Southeast Asia recently.","['abdominal_pain', 'diarrhea', 'fever', 'nausea']"
typhoid," I feel weak and have stomach pain and a fever.  Yes, I’ve had diarrhea.  Yes, I visited Southeast Asia.","['abdominal_pain', 'diarrhea', 'fatigue', 'fever']"
typhoid," I’ve had a fever and stomach cramps for the past few days.  Yes, I’ve had both.  Yes, I was in India last month.","['abdominal_pain', 'fever']"
dimorphic hemorrhoids," I’ve noticed swelling around my anus and some bleeding when I wipe.  Yes, there’s a dull ache and some itching.  Yes, I’ve been constipated recently and had to strain more than usual.","['anal_swelling_lump', 'bleeding', 'constipation', 'itching', 'swelling']"
dimorphic hemorrhoids," I’ve noticed a lump near my anus, and it hurts when I sit down.  Yes, it’s swollen, and there’s some blood on the toilet paper.  Should I avoid sitting for long periods?","['anal_swelling_lump', 'bleeding', 'swelling']"
dimorphic hemorrhoids," I’ve been dealing with itchy and painful hemorrhoids for a while now.  Yes, I noticed a small amount of blood after a bowel movement yesterday.  What are the treatment options?","['anal_swelling_lump', 'itching']"
dimorphic hemorrhoids," My hemorrhoids are swollen, and I’ve been having pain when passing stools.  Yes, there’s some blood on the toilet paper, but it’s not a lot.  Is there anything I can do to ease the pain?","['anal_swelling_lump', 'bleeding', 'swelling']"
dimorphic hemorrhoids," I’ve noticed that my hemorrhoids seem to be getting bigger and more painful.  Yes, there’s some itching, and I noticed blood on the toilet paper again.  Should I try any home remedies in the meantime?","['anal_swelling_lump', 'bleeding', 'itching']"
dimorphic hemorrhoids," I’m experiencing pain and swelling around my anus, and it’s been going on for a few days.  Yes, there’s a little blood each time I wipe.  How do I prevent them from getting worse?","['anal_swelling_lump', 'swelling']"
dimorphic hemorrhoids," I feel like I have a lump near my anus, and it’s painful when I pass stool.  It’s kind of hard, and it gets worse after I’ve been sitting for a while.  How long does it usually take to heal?",['anal_swelling_lump']
dimorphic hemorrhoids," I’ve been dealing with hemorrhoids on and off for years, and now they’re painful again.  Yes, there’s a little blood when I wipe, and the pain is worse when I sit for too long.  Can hemorrhoids cause complications?","['anal_swelling_lump', 'bleeding']"
dimorphic hemorrhoids," I’m experiencing some swelling and discomfort around my anus, especially after bowel movements.  Yes, there’s some blood when I wipe, and the swelling feels hard at times.  Can a thrombosed hemorrhoid heal on its own?","['anal_swelling_lump', 'bleeding', 'swelling']"
dimorphic hemorrhoids," I’ve been having trouble with hemorrhoids for a while, and now I have more bleeding than usual.  Yes, it’s very painful to sit down, and I notice blood when I wipe.  Should I be worried about the bleeding?","['anal_swelling_lump', 'bleeding']"
dimorphic hemorrhoids," I’ve had hemorrhoids before, but now I’m experiencing more discomfort and swelling.  Yes, there’s blood each time I wipe, and the pain seems to be getting worse.  How can I prevent them from returning?","['anal_swelling_lump', 'swelling']"
dimorphic hemorrhoids," I’ve had itching and discomfort around my anus, and now I’m seeing blood after passing stool.  It’s minor bleeding, and there’s a bit of swelling that feels sore when I sit.  Can sitting too long make them worse?","['anal_swelling_lump', 'bleeding', 'itching', 'swelling']"
dimorphic hemorrhoids," I’ve noticed some blood after wiping, and it’s making me nervous.  Yes, there’s swelling, and it’s a little painful when I pass stool.",['swelling']
dimorphic hemorrhoids," I’m feeling some pressure and discomfort around my anus, and there’s occasional bleeding.  It’s intermittent, but I do notice blood when wiping after most bowel movements.  Can sitting in a warm bath help with the pain?","['anal_swelling_lump', 'bleeding']"
dimorphic hemorrhoids," I have swelling around my anus and feel a constant ache.  Yes, I’ve noticed some bleeding when wiping, and my stools have been a bit harder lately.  Can I use over-the-counter treatments for this?","['anal_swelling_lump', 'bleeding', 'swelling']"
dimorphic hemorrhoids," I’ve had hemorrhoids in the past, but now I’m having more bleeding than usual.  Yes, there’s a painful lump, and I noticed blood after wiping.  Will this go away on its own?","['anal_swelling_lump', 'bleeding']"
dimorphic hemorrhoids," My hemorrhoids have been acting up, and now they’re bleeding a bit more than before.  I’ve noticed it for a couple of days now, and there’s a bit of itching as well.  What can I do to ease the itching?","['anal_swelling_lump', 'bleeding', 'itching']"
dimorphic hemorrhoids," I’ve had hemorrhoids on and off for years, but they seem worse now.  Yes, there’s some blood when I wipe, and the swelling seems bigger.  Could this be a sign of something more serious?","['anal_swelling_lump', 'bleeding', 'swelling']"
dimorphic hemorrhoids," I’m having a lot of pain and some bleeding around my anus.  Yes, there’s a small lump, and it’s quite tender to the touch.  What could cause these to get worse?","['anal_swelling_lump', 'bleeding']"
dimorphic hemorrhoids," I’ve had hemorrhoids before, but now I feel a burning sensation and swelling.  Yes, there’s a little blood when I wipe, and I’ve been itching a lot.  Are there any home remedies I can try in the meantime?","['anal_swelling_lump', 'bleeding', 'itching', 'swelling']"
dimorphic hemorrhoids," I’ve noticed swelling and a lump near my anus, and it’s been painful when I sit.  It’s hard, and I see some blood on the toilet paper.  How long does it take for a thrombosed hemorrhoid to heal?","['anal_swelling_lump', 'bleeding', 'swelling']"
dimorphic hemorrhoids," I’ve been having a lot of discomfort and itching around my anus, along with bleeding.  It’s mostly small amounts, but I notice it every time I wipe.  Can over-the-counter products help with this?","['anal_swelling_lump', 'bleeding', 'itching']"
dimorphic hemorrhoids," I’m feeling a lot of discomfort and pain when passing stool, and I noticed some blood.  Yes, I see a lump, and my stools have been a little harder lately.  What treatments are available for a thrombosed hemorrhoid?",['anal_swelling_lump']
dimorphic hemorrhoids," My hemorrhoids have been really painful recently, and there’s blood after I wipe.  Yes, there’s some swelling, and it’s really itchy.  Is there anything I can do at home to relieve the itching?","['anal_swelling_lump', 'itching', 'swelling']"
dimorphic hemorrhoids," I’ve had hemorrhoids for a while, but recently they’ve been hurting and bleeding more than usual.  It’s been happening for a few days, and it’s there almost every time I wipe.  Should I avoid sitting for long periods?","['anal_swelling_lump', 'bleeding']"
dimorphic hemorrhoids," I’ve been feeling an ache and pressure around my anus, and now I’m noticing blood when I wipe.  Yes, there’s some swelling, and my stool has been harder than usual.  Can hemorrhoids cause long-term problems?","['anal_swelling_lump', 'bleeding', 'swelling']"
dimorphic hemorrhoids," I’m having pain and swelling around my anus, and I noticed some bleeding.  Yes, there’s some itching, and the lump gets worse after I sit for a while.  Can I apply ice to reduce the swelling?","['anal_swelling_lump', 'bleeding', 'itching', 'swelling']"
dimorphic hemorrhoids," My hemorrhoids seem to have gotten worse recently, with more bleeding and pain.  It’s been a few days now, and it’s been pretty consistent.  Will I need surgery?","['anal_swelling_lump', 'bleeding']"
dimorphic hemorrhoids," I’ve been feeling pressure and discomfort around my anus, and there’s blood when I wipe.  Yes, the area feels swollen, and there’s a lump that gets more painful after sitting for long periods.  What can I do to ease the pain?","['anal_swelling_lump', 'bleeding', 'swelling']"
dimorphic hemorrhoids," I’ve been dealing with hemorrhoids for a while, and now they seem to be bleeding more often.  Yes, there’s some swelling and my stool has been a bit harder lately.  How can I prevent them from getting worse?","['anal_swelling_lump', 'bleeding', 'swelling']"
dimorphic hemorrhoids," I’ve had swelling and pain around my anus, and there’s been some bleeding.  Yes, there’s some itching and a mild burning sensation, especially after passing stool.  Should I avoid spicy foods?","['anal_swelling_lump', 'bleeding', 'itching', 'swelling']"
dimorphic hemorrhoids," I’m having a lot of pain, especially when sitting, and I noticed blood when wiping.  Yes, there’s a lump, and it’s really painful when I sit for too long.  Can I apply something to reduce the pain in the meantime?","['anal_swelling_lump', 'bleeding']"
dimorphic hemorrhoids," I’ve been feeling some pressure and burning around my anus, and I noticed a bit of blood.  Yes, there’s swelling, and it’s been itching quite a lot.  How long will it take for these symptoms to go away?","['anal_swelling_lump', 'itching', 'swelling']"
dimorphic hemorrhoids," My hemorrhoids are swollen, and I feel a constant ache.  Yes, I see some blood after wiping, and my stool has been harder than usual.  Is there any specific fiber I should focus on?","['anal_swelling_lump', 'swelling']"
dimorphic hemorrhoids," I’ve noticed a small lump near my anus, and it’s been painful when sitting.  It’s hard, and I noticed some blood when I wipe.  Is there any way to reduce the pain at home?","['anal_swelling_lump', 'bleeding']"
dimorphic hemorrhoids," I’m feeling a lot of pressure and discomfort around my anus, and there’s blood when I wipe.  Yes, there’s some swelling, and it’s very itchy too.  How long can this last?","['anal_swelling_lump', 'bleeding', 'itching', 'swelling']"
dimorphic hemorrhoids," I’ve been having a lot of pain and bleeding with bowel movements.  It’s been going on for about a week, and I do feel some swelling.  Can I do anything to reduce the pain in the meantime?","['bleeding', 'swelling']"
dimorphic hemorrhoids," I’ve been noticing more bleeding than usual after bowel movements.  It’s not a lot, just a small amount after wiping, but it’s been happening for a few days now.  Can hemorrhoids cause long-term issues?","['anal_swelling_lump', 'bleeding']"
dimorphic hemorrhoids," I’ve had hemorrhoids before, but this time they seem worse—bleeding, itching, and swelling.  They’re pretty consistent, especially the swelling and itching.  Can hemorrhoids go away on their own?","['anal_swelling_lump', 'bleeding', 'itching', 'swelling']"
dimorphic hemorrhoids," I've been experiencing pain, swelling, and some bleeding around my anus, and it's been bothering me for a few days.  Yes, there’s a small lump, and it’s especially painful when I sit for long periods.  Can I do anything at home to relieve the discomfort in the meantime?","['anal_swelling_lump', 'bleeding', 'swelling']"
hypertension," My doctor told me I have high blood pressure. What does that mean?  Yes, I’ve been prescribed medication.  I’ve been trying to eat healthier and exercise more.",[]
hypertension," I’ve been feeling lightheaded lately. Could it be related to my hypertension?  No, I haven’t checked it in a few weeks.  I’ll check it now and make an appointment if needed.",['dizziness']
hypertension, I’m worried about taking blood pressure medication. Are there any side effects?  I’ve been feeling a bit more tired than usual.  I’ll bring it up with my doctor next time.,['fatigue']
hypertension, I’ve been told I have stage 1 hypertension. What does that mean?  So it’s not too serious yet?  I’ll keep an eye on it.,[]
hypertension," I’ve been feeling more stressed lately. Can stress raise my blood pressure?  Not very well, I think. Work has been hectic.  I’ll try to take breaks during the day.",[]
hypertension, My doctor said I need to cut down on salt. Why is that important for my blood pressure?  I didn’t realize salt had that effect.  I’ll try to be more mindful of my salt consumption.,[]
hypertension," I’ve been taking my blood pressure medication regularly, but I still feel anxious about my health.  I still worry about complications.  I’ll try to focus on staying consistent with my treatment.",[]
hypertension, I’ve been feeling a bit more short of breath than usual. Could that be linked to my high blood pressure?  I’ll let my doctor know.,['shortness_of_breath']
hypertension," My blood pressure is high when I visit the doctor, but it’s fine at home. What’s going on?  That makes sense.  I’ll keep track of it at home.",[]
hypertension, I’ve been told to lose weight to manage my blood pressure. How does weight affect it?  I’ve been trying to lose weight but it’s been slow.  I’ll keep at it.,[]
hypertension," I’ve been taking my blood pressure medication, but I still feel like my blood pressure is too high. What should I do?  I’ll schedule an appointment.",[]
hypertension, I’ve heard that alcohol can raise blood pressure. How much is too much?  I drink more than that sometimes.  I’ll try to limit it to a couple of drinks a week.,[]
hypertension, I’ve been told to avoid caffeine. How does it affect blood pressure?  I drink coffee every morning.  I’ll try switching to decaf.,[]
hypertension," I’m exercising more, but I’m still concerned about my blood pressure. Is it normal to have elevated blood pressure with exercise?  That’s reassuring to know.",[]
hypertension," I’ve been feeling more tired than usual. Could it be related to my blood pressure?  I’ll mention it at my next appointment.  Hopefully, it's just temporary.",['fatigue']
hypertension, My family has a history of hypertension. Does that mean I’m more likely to get it?  I try to eat healthy and stay active.  I’ll keep it up.,[]
hypertension," I’ve been trying to cut down on my sodium intake, but I’m not sure how to start.  That makes sense. I eat a lot of takeout.  I’ll give that a try.",[]
hypertension, Can stress alone cause high blood pressure?  I’ve been really stressed out at work.  I’ll try some breathing exercises.,[]
hypertension, I don’t have any symptoms of high blood pressure. Should I still be worried?  I’ll schedule a check-up then.,[]
hypertension, My blood pressure is sometimes normal but sometimes high. What could be causing the fluctuations?  I’ll keep a log of my readings.,[]
hypertension, I’ve been feeling some chest tightness lately. Could this be related to my blood pressure?  I’ll make an appointment right away.,['chest_pain']
hypertension, I’ve heard that blood pressure increases as you get older. Is that true?  That makes sense.  I’ll be more diligent about it.,[]
hypertension," I’ve been trying to get more sleep, but I still feel tired. Could high blood pressure be affecting my rest?  I haven’t yet.  I’ll ask about it.",['fatigue']
hypertension, Is it okay to exercise if I have high blood pressure?  I’ve been walking regularly.  I’ll keep it up.,[]
hypertension, I sometimes feel dizzy when I stand up too quickly. Could that be linked to my blood pressure?  I’ll mention it next time.,['dizziness']
hypertension, I’ve been told that stress management is important for controlling blood pressure. Do you have any suggestions?  I think yoga could help.  I’ll start looking into some online classes.,[]
hypertension, I’ve heard that a DASH diet can help lower blood pressure. What is it?  That sounds like a healthy diet!  I’ll try incorporating more of those foods into my meals.,[]
hypertension," I’ve been prescribed medication for high blood pressure, but I sometimes forget to take it.  A pill organizer sounds helpful.  I’ll give it a try.",[]
hypertension, How do I know if my blood pressure is under control?  I have a home monitor.  I’ll start keeping track more carefully.,[]
hypertension," I’ve been taking my blood pressure medication, but I’m still having trouble managing my weight.  Not yet.  I’ll look into that.",[]
hypertension," I’m trying to avoid processed foods, but I find it difficult. Do you have any tips?  Batch cooking sounds like a good idea.  I’ll try that next week.",[]
hypertension, I’ve heard that smoking can affect blood pressure. Is that true?  I smoke a pack a day.  I’ve tried quitting before but struggled.  I’ll ask for help next time.,[]
hypertension," I’ve been diagnosed with hypertension, but I’m unsure about how to talk to my family about it. Any advice?  I’m not sure how they’ll react.  I’ll try to bring it up.",[]
hypertension, Can caffeine affect my blood pressure even if I’m not drinking coffee?  I drink a lot of soda.  I’ll try to cut back.,[]
hypertension, I’ve been trying to reduce my alcohol intake. How much is safe for someone with high blood pressure?  I’ve been having a drink a few times a week.  I’ll monitor how I feel after drinking.,[]
hypertension, I’ve noticed some swelling in my ankles lately. Could this be related to my blood pressure?  I’m on medication for blood pressure.  I’ll book an appointment soon.,['swelling']
hypertension, Should I be worried about my blood pressure spiking during exercise?  I’ve been feeling fine during exercise.  I’ll continue exercising.,[]
hypertension," My blood pressure fluctuates a lot, sometimes it's normal and other times it’s high. Is that common?  I’ll start tracking it more consistently.  I’ll get a good monitor and take regular readings.",[]
hypertension, Can certain foods help reduce high blood pressure?  I’ll add more of those to my diet.  I’ll start with more leafy greens.,[]
hypertension, Can a lack of physical activity make my blood pressure worse?  I’ve been sedentary lately.  I’ll start walking every day.,[]
gastroesophageal reflux disease," I've been experiencing a burning sensation in my chest after eating.  It happens almost every time I eat, especially after dinner.  Yes, spicy foods and citrus seem to make it worse.  I’ve tried Tums, but it doesn’t help much.  I’ll schedule an appointment. Thanks for the advice!",['heartburn']
gastroesophageal reflux disease," Lately, I’ve been waking up with a sour taste in my mouth.  I also feel like I have a lump in my throat sometimes.  I usually eat dinner late. I’ll try changing that.  I’ll keep that in mind. Thanks!",['anal_swelling_lump']
gastroesophageal reflux disease," I’ve been feeling nauseous after meals.  Yes, I’ve had some heartburn too.  I’m trying to, but sometimes I still get symptoms.  I’ll start keeping a food journal.","['heartburn', 'nausea']"
gastroesophageal reflux disease," I have trouble swallowing sometimes, and food feels like it gets stuck in my chest.  Yes, I’ve had some heartburn, but the swallowing issue is new.  I’ll make an appointment. Thanks for the advice!",['heartburn']
gastroesophageal reflux disease," I get a lot of burping and bloating, especially after meals.  Yes, I often feel a burning in my chest, especially after eating.  I’m trying to eat smaller meals, but it’s hard to stick to.  I’ll work on that. Thanks for the tips!","['bloating', 'heartburn']"
gastroesophageal reflux disease," I feel like my chest is tight, and it hurts when I breathe deeply.  Yes, I get heartburn frequently.  I’ll visit my doctor to be safe.",['heartburn']
gastroesophageal reflux disease," I’ve been waking up with a sore throat and a cough.  Yes, I have heartburn often, especially in the evenings.  I’ll try elevating my bed. Thanks for the suggestion!","['cough', 'heartburn', 'sore_throat']"
gastroesophageal reflux disease," I get heartburn almost every day, and I’m worried it’s damaging my esophagus.  I’ve tried antacids, but they don’t seem to work anymore.  I’ll schedule an appointment soon.",['heartburn']
gastroesophageal reflux disease," I’ve been burping a lot lately, and my stomach feels bloated after meals.  Yes, I feel a burning sensation in my chest after meals.  I’ll try that. Thanks!","['bloating', 'heartburn']"
gastroesophageal reflux disease," I’ve been feeling nauseous and getting a bad taste in my mouth after eating.  Yes, it’s worse after fatty or fried foods.  I’ll cut back on those foods. Thanks for the advice!",['nausea']
gastroesophageal reflux disease," I’ve been feeling like there’s a lump in my throat.  Yes, I have heartburn a lot, but I didn’t know it could cause that feeling.  I’ll try those tips. Thanks!","['anal_swelling_lump', 'heartburn']"
gastroesophageal reflux disease," I get a burning sensation in my chest every time I eat.  Yes, it’s worse with spicy and citrus foods.  I’ll work on that. Thanks for the help!",['heartburn']
gastroesophageal reflux disease," My stomach feels full and bloated, and I’m burping a lot after meals.  Yes, I feel a burning in my chest sometimes after I eat.  I’ll try keeping a food diary. Thanks for the tip!","['bloating', 'heartburn']"
gastroesophageal reflux disease," I feel like I have a dry cough and a sore throat after I eat.  Yes, I get heartburn regularly.  I’ll try that. Thanks for the suggestions!","['cough', 'heartburn', 'sore_throat']"
gastroesophageal reflux disease," I’ve been feeling like my stomach is always upset after I eat.  Yes, I feel bloated and get heartburn sometimes.  I’ll give it a try. Thanks for the advice!","['bloating', 'heartburn']"
gastroesophageal reflux disease," I often feel like there’s a tightness in my chest after meals.  Yes, I get heartburn quite frequently.  I’ll try eating smaller meals. Thanks!","['chest_pain', 'heartburn']"
gastroesophageal reflux disease," I’ve been getting a sore throat and coughing a lot, especially in the mornings.  Yes, I get heartburn a lot.  I’ll work on it. Thanks!","['cough', 'heartburn', 'sore_throat']"
gastroesophageal reflux disease," My stomach feels really full and uncomfortable after eating, and I often burp a lot.  Yes, heartburn is pretty common for me.  I’ll try eating smaller meals. Thanks!",['heartburn']
gastroesophageal reflux disease," I’ve been waking up with a burning sensation in my chest and a sour taste in my mouth.  Yes, I feel it after almost every meal.  I’ll try sleeping with my head elevated. Thanks for the help!",['heartburn']
gastroesophageal reflux disease," I’ve been having a lot of burping and bloating, especially after lunch.  Yes, I get a burning sensation in my chest sometimes.  I’ll try that. Thanks!","['bloating', 'heartburn']"
gastroesophageal reflux disease," I feel like I have a lump in my throat sometimes, especially after eating.  Yes, I often get heartburn.  I’ll try eating earlier in the evening. Thanks for the advice!","['anal_swelling_lump', 'heartburn']"
gastroesophageal reflux disease," My stomach always feels upset after I eat, and I get a burning feeling in my chest.  Sometimes, I feel like food comes back up.  I’ll keep track of what I eat. Thanks for the suggestion!",[]
gastroesophageal reflux disease," I’m getting a bad taste in my mouth after meals.  Yes, I get heartburn regularly.  I’ll try those tips. Thanks!",['heartburn']
gastroesophageal reflux disease," I feel bloated and have trouble swallowing sometimes after eating.  Yes, I get heartburn often.  I’ll work on that. Thanks for the tips!","['bloating', 'heartburn']"
gastroesophageal reflux disease," I’m having a sore throat and cough after meals.  Yes, I get heartburn regularly.  I’ll try that. Thanks!","['cough', 'heartburn', 'sore_throat']"
gastroesophageal reflux disease," I’ve been having a burning feeling in my chest and sometimes a sour taste in my mouth.  Yes, spicy and fatty foods seem to make it worse.  I’ll try cutting back on those. Thanks for the help!",[]
gastroesophageal reflux disease," I feel like there’s something stuck in my throat sometimes after eating.  Yes, I have heartburn regularly.  I’ll try that. Thanks!",['heartburn']
gastroesophageal reflux disease," I’ve been having some discomfort in my chest after meals.  Yes, I get heartburn often.  I’ll work on that. Thanks!",['heartburn']
gastroesophageal reflux disease," I’ve been feeling very bloated after eating, and it’s uncomfortable.  Yes, I often feel a burning sensation after eating.  I’ll try that. Thanks!",['bloating']
gastroesophageal reflux disease," My throat feels sore and dry after eating, especially when I eat spicy food.  Yes, I often get heartburn after meals.  I’ll try eating smaller meals. Thanks for the advice!",['heartburn']
gastroesophageal reflux disease," I’m getting a sour taste in my mouth and sometimes a dry cough.  Yes, I get heartburn a lot.  I’ll try those tips. Thanks!","['cough', 'heartburn']"
gastroesophageal reflux disease," I feel like there’s a tightness in my chest after I eat.  Yes, I often have heartburn.  I’ll try that. Thanks!","['chest_pain', 'heartburn']"
gastroesophageal reflux disease," I often have a sore throat, especially in the mornings.  Yes, I get heartburn sometimes.  I’ll give that a try. Thanks!","['heartburn', 'sore_throat']"
gastroesophageal reflux disease," I feel nauseous and uncomfortable after I eat.  Yes, I often feel bloated and get heartburn.  I’ll try those. Thanks for the advice!","['bloating', 'heartburn', 'nausea']"
gastroesophageal reflux disease," I get regurgitation, especially after I eat a heavy meal.  Yes, I get heartburn quite often.  I’ll try to eat earlier. Thanks!",['heartburn']
gastroesophageal reflux disease," I sometimes get a burning sensation in my stomach after meals.  Yes, sometimes I feel a burning in my chest as well.  I’ll try that. Thanks!","['abdominal_pain', 'heartburn']"
gastroesophageal reflux disease," I feel like I can’t fully swallow sometimes, especially after eating.  Yes, I get heartburn often.  I’ll try to follow these tips. Thanks!",['heartburn']
gastroesophageal reflux disease," My stomach feels bloated and I’m burping a lot.  Yes, I get heartburn after meals.  I’ll do that. Thanks!","['bloating', 'heartburn']"
gastroesophageal reflux disease," I feel like I have a lump in my throat after eating.  Yes, I often get heartburn.  I’ll try that. Thanks!","['anal_swelling_lump', 'heartburn']"
gastroesophageal reflux disease," My chest feels tight after I eat, and I often burp a lot.  Yes, I get heartburn after most meals.  I’ll work on that. Thanks!","['chest_pain', 'heartburn']"
acne," I’ve been getting these red pimples on my face, especially around my cheeks and forehead.  A mix of both, but the deeper ones hurt a lot.  Stress seems to make it worse, and I recently tried a new moisturizer.","['pimples', 'skin_redness']"
acne," My acne flares up a lot around my jawline and neck.  Yes, it’s always worse right before my period.  Are there any over-the-counter treatments I can try first?",['pimples']
acne," I’ve been getting a lot of blackheads on my nose and chin.  I’ve been using a scrub, but it doesn’t seem to help much.  How often should I use it?",['pimples']
acne, I’ve noticed that my acne gets worse whenever I eat certain foods.  Chocolate and milk seem to make it worse.  Can diet changes alone clear my acne?,['pimples']
acne," My acne has left a lot of dark spots on my face.  Not really, I didn’t think it was important.  What can I do to lighten the spots?","['pimples', 'rash']"
acne," My chest and back are covered in acne, not just my face.  I do work out a lot and sometimes stay in my gym clothes for a while after.  Are there any treatments for severe body acne?",['pimples']
acne," I’ve been using acne treatments, but my skin is getting really dry and flaky.  No, I thought it would make my acne worse.  How often should I apply it?","['pimples', 'skin_patches']"
acne," I’ve tried everything for my acne, but nothing works.  I’ve used over-the-counter creams and even some prescriptions, but the acne keeps coming back.  Are those treatments safe?",['pimples']
acne," My acne is really bad, and it’s starting to affect my confidence.  Not yet, I’ve been trying to handle it on my own.  Will my acne scars ever go away?",['pimples']
acne, My acne seems to be getting worse when I wear makeup.  I’m not sure; I didn’t check.  Should I stop wearing makeup completely?,['pimples']
acne," My acne seems to come and go, but when it appears, it’s really bad.  Stress definitely seems to make it worse.  Is there any medication that can help with acne due to stress?",['pimples']
acne," I’ve been using benzoyl peroxide for my acne, but it’s making my skin really dry and irritated.  No, I’ve been avoiding moisturizer because I thought it might make the acne worse.  How often should I apply the moisturizer?",['pimples']
acne," My acne is mostly on my cheeks, and it feels like it’s always there.  They’re mostly surface-level, but they pop up often and never really go away.  What products should I be using to help reduce the breakouts?",['pimples']
acne, I’ve heard that certain oils can help with acne. Is that true?  So should I avoid using oils on my face?  What are some oils I should avoid?,['pimples']
acne," My acne has been leaving scars, and I’m not sure how to get rid of them.  They’re mostly dark spots, but I have some scars that are slightly indented.  How long will it take for the dark spots to fade?","['pimples', 'rash']"
acne," I’ve been breaking out more recently, and I think it’s due to wearing a mask at work.  I wear it for long shifts, so I’m in it for hours at a time.  What skincare products should I use to prevent breakouts from wearing a mask?",['pimples']
acne," My acne is really bad right now, and I’m feeling frustrated because I’ve been doing everything right.  I’m using a gentle cleanser, benzoyl peroxide, and a moisturizer.  No, just those three.  What types of treatments might they suggest?",['pimples']
acne," I’ve been dealing with painful cystic acne around my jawline.  I’ve been using benzoyl peroxide, but it doesn’t seem to help with the cysts.  Are oral treatments safe for long-term use?",['pimples']
acne," I’m worried that my acne is scarring my skin.  Yes, some of my pimples leave deep marks, and it takes a long time for them to fade.  How long do treatments take to show results?",['pimples']
acne," I get acne on my back, but I’m not sure how to treat it.  I don’t always, and I think that’s when the breakouts happen.  Should I use a different body wash for my face and back?",['pimples']
acne," I’ve been using salicylic acid for my acne, but it seems like it’s drying out my skin too much.  I use it twice a day.  Should I stop using it entirely?","['heartburn', 'pimples']"
acne, I’ve heard that drinking more water helps with acne. Is that true?  I haven’t changed my skincare much. I’m mainly worried about how to manage it.  Should I start using a serum or stick to basic products?,['pimples']
acne, I’ve noticed my acne gets worse after I drink coffee.  I drink two cups a day.  Would I need to cut out caffeine completely?,['pimples']
acne," My acne gets worse whenever I’m stressed.  I’ve tried yoga, but I still get breakouts.  Should I see a dermatologist if stress is a main cause?",['pimples']
acne," My acne is mostly around my chin and jawline.  Yes, it’s worse right before my period.  Are those treatments safe for long-term use?",['pimples']
acne," I’ve been using an acne treatment, but it’s not working.  It’s been about a month, but I’m still breaking out.  What kind of treatments are available?",['pimples']
acne," I’ve heard about using a clay mask for acne. Does it help?  No, I haven’t. I was curious if it would help.  How often should I use it?",['pimples']
acne," My acne has started to appear on my neck, and I’m not sure why.  Yes, I wear scarves and high-collared tops sometimes.  Should I use acne treatment on my neck too?",['pimples']
acne," I’ve been struggling with acne for years. Is there anything permanent I can do to get rid of it?  I’ve tried over-the-counter treatments, but nothing has worked long-term.  How effective is isotretinoin?",['pimples']
acne," My acne is leaving deep, painful cysts on my face.  I’ve been using benzoyl peroxide, but it’s not working for the cysts.  Are those treatments safe?",['pimples']
acne, I think my acne is related to my diet. Can certain foods make it worse?  I’ve noticed that I break out after eating chocolate and cheese.  Do I need to cut them out completely?,['pimples']
acne," I’ve been breaking out more recently, and I’m not sure what’s causing it.  I’ve been under a lot of stress at work, and I’m not sleeping well.  Should I focus more on stress management or skincare?",['pimples']
acne," I’ve been using benzoyl peroxide for a while, but it’s not doing much for my acne.  I’ve heard retinoids can be irritating.  How long does it take to see results with retinoids?",[]
acne," I’ve been using a new acne treatment, but my skin feels really irritated and tight.  It’s been about a week, and I feel like it’s getting worse.  Should I stop using it completely?",['pimples']
acne," I’ve been seeing small pimples on my forehead, and I’m not sure what’s causing them.  I touch my forehead a lot when I’m stressed, and I use gel in my hair.  Should I change my hair gel?",['pimples']
acne," My acne is worse around my mouth and chin, especially during my period.  I’ve been using benzoyl peroxide, but it doesn’t seem to help much.  Are those treatments safe long-term?",['pimples']
acne," I have acne on my chest, and it’s making me self-conscious.  No, I’ve only been using regular soap.  How often should I use it?",['pimples']
acne," I’ve noticed my acne getting worse after switching to a new moisturizer.  It’s a rich, thick moisturizer, but I have oily skin.  Should I stop using my current moisturizer completely?",['pimples']
acne, My acne has been worse since I started using makeup more frequently.  I use foundation and concealer daily.  Will non-comedogenic makeup really make a difference?,['pimples']
acne, I’ve been getting whiteheads around my nose and chin. What can I do about them?  I haven’t been exfoliating regularly.  How often should I exfoliate?,['pimples']
fungal infection," My toes are itchy and the skin between them is peeling.  Yes, there’s some redness, and it’s very itchy, especially at night.  Yes, I wear sneakers all day at work, and my feet tend to get sweaty.  Not always, I usually just pat them with a towel.","['itching', 'skin_redness', 'sweating']"
fungal infection," I’ve noticed white patches on my tongue that won’t go away.  Yes, it feels sore, especially when I eat spicy food or drink hot beverages.  Yes, I was on antibiotics for a throat infection last month.  Sometimes my mouth feels dry, but no issues with swallowing.",['skin_patches']
fungal infection," There’s a round red patch on my arm that keeps growing.  Yes, it’s itchy and has a rough, raised edge.  My cat had a similar patch a while ago, but we treated it.  No, I try to keep my things separate.","['itching', 'skin_patches', 'skin_redness']"
fungal infection," The skin under my breasts is red and irritated.  Yes, it’s itchy, sometimes moist, and there’s a slight odor.  Yes, it’s been really hot, and I’ve been sweating a lot.  No, I haven’t tried anything yet.","['itching', 'skin_redness', 'sweating']"
fungal infection," My nails are turning yellow and thickening.  Yes, they’re hard to trim and sometimes break unevenly.  Yes, it started with one toe, and now three are affected.  Yes, I do both.",['yellow_skin_eyes']
fungal infection," The skin on my groin area is red and itchy.  Yes, it’s worse after I exercise or when I’m sweating a lot.  Yes, the edges are darker and feel rough.  Should I avoid working out for now?","['itching', 'skin_redness', 'sweating']"
fungal infection," I’ve been getting red, scaly patches on my scalp.  Yes, they’re itchy, and sometimes I see flakes in my hair.  Yes, a little bit of hair has fallen out around the patches.  Should I avoid sharing my comb?","['itching', 'skin_patches', 'skin_redness']"
fungal infection," My baby has white patches inside their mouth.  Yes, they cry more while feeding.  No, just the white patches inside the cheeks and on the tongue.  Could breastfeeding be causing it?",['skin_patches']
fungal infection," There’s a flaky, white buildup on the soles of my feet.  Yes, it’s itchy and smells bad after a long day.  Yes, I use the gym showers regularly.  Should I stop using the showers?","['itching', 'skin_patches']"
fungal infection," My fingernails have turned white and are lifting from the nail bed.  No, they don’t hurt, but they look bad.  I wash dishes a lot, and my hands are usually wet.  Should I wear gloves when washing dishes?",[]
fungal infection," My armpits are red and itchy, and it feels worse after sweating.  Yes, there’s a slight smell and the skin feels rough.  No, but I’ve been sweating more due to the hot weather.  Should I stop using deodorant?","['itching', 'skin_redness', 'sweating']"
fungal infection," I have red, scaly patches between my fingers.  They itch a lot, and the skin feels cracked sometimes.  Yes, I clean a lot at work without gloves.  Can I still work while treating it?","['itching', 'skin_patches', 'skin_redness']"
fungal infection," My scalp has greasy, yellowish flakes.  It’s itchy, but not really sore.  I use hair gel daily but wash my hair only twice a week.  Should I stop using hair gel?","['itching', 'yellow_skin_eyes']"
fungal infection," I have white spots on my back that aren’t tanning.  No, they’re smooth, but they don’t tan like the rest of my skin.  Yes, I’ve been working outdoors in the heat.  Will the spots disappear completely?",['rash']
fungal infection," My ears are itchy and feel wet inside.  Yes, there’s a slight discharge and odor.  I’ve been swimming a lot lately.  Should I stop swimming for now?",['itching']
fungal infection," The corners of my mouth are cracked and sore.  Yes, it’s red and sometimes has a white film.  I lick my lips a lot because they’ve been dry.  Can I use lip balm?",['skin_redness']
fungal infection," I have dark, velvety patches on my neck that itch sometimes.  Yes, they feel thicker than the surrounding skin.  Yes, I’ve gained some weight recently.  Should I see a doctor for this?","['itching', 'skin_patches']"
fungal infection," I have small, itchy blisters on the sides of my fingers.  Yes, they’re tiny and filled with clear fluid.  Yes, I wash dishes a lot without gloves.  Can I still use hand soap?","['blisters', 'itching']"
fungal infection," The skin around my groin area has turned red and flaky.  Yes, it’s very itchy, and the edges are darker than the middle.  Yes, I’ve been wearing tight workout clothes.  Should I avoid exercising?","['itching', 'skin_patches', 'skin_redness']"
fungal infection," My child has a bald patch with scaly skin on their scalp.  Yes, it’s itchy, and there are tiny bumps near the edges.  Yes, they play with our dog often.  Should we check the dog as well?","['itching', 'skin_patches']"
fungal infection," My underarms are red and have a rash.  Yes, it’s itchy and slightly painful.  Yes, I’ve been sweating more due to exercising.  Should I stop using deodorant?","['itching', 'rash', 'skin_redness', 'sweating']"
fungal infection," I have red, scaly patches on my feet.  Yes, they itch, and the skin is very dry and cracked.  Yes, I often walk barefoot in gym showers.  How long will it take to heal?","['itching', 'skin_patches', 'skin_redness']"
fungal infection," I have a red, itchy rash on my chest.  No blisters, but it’s flaky in the center.  Yes, I’ve been running outside in hot weather.  Should I avoid running for now?","['itching', 'rash', 'skin_patches', 'skin_redness']"
fungal infection," My nails are brittle and discolored.  Yes, they’re yellow and harder to trim.  It’s been a few months now.  Can I still use nail polish?",['yellow_skin_eyes']
fungal infection," I have red patches under my belly fold.  They itch and sometimes feel sore.  Yes, it gets sweaty there often.  Should I use baby powder?","['itching', 'rash', 'skin_patches', 'skin_redness', 'sweating']"
fungal infection," I have a ring-shaped rash on my shoulder that’s spreading.  Yes, it’s itchy and the edges are rough.  Yes, I’ve been using shared towels at the gym.  How long will it take to go away?","['itching', 'rash']"
fungal infection," I have a rash between my thighs that stings when I sweat.  Yes, it’s red and darker along the edges.  Yes, I’ve been jogging in tight leggings.  Should I stop jogging?","['rash', 'skin_redness', 'sweating']"
fungal infection," I noticed white spots on my chest that aren’t tanning.  No itching, but they do feel dry.  Yes, I’ve been sweating a lot at work.  Will the skin return to its normal color?","['rash', 'sweating']"
fungal infection," My nails are turning brown and feel brittle.  Yes, one nail has started to lift slightly.  I often wear work boots for long hours.  Will I need to stop wearing boots?",[]
fungal infection," I have cracked, itchy skin on my heels.  It’s thick and peels in some areas.  I often walk barefoot at home.  Should I wear socks indoors?",['itching']
fungal infection," My toddler has red, scaly patches on their face.  Yes, they keep scratching at it.  Yes, they’ve been around our dog a lot.  Should we take the dog to the vet?","['skin_patches', 'skin_redness']"
fungal infection," I have itchy red patches around my neck and collarbone.  Yes, they flare up when I sweat.  No, but I’ve been sweating more due to the weather.  Should I avoid wearing necklaces?","['itching', 'rash', 'skin_patches', 'skin_redness', 'sweating']"
fungal infection," My feet are peeling and itchy after wearing sandals all day.  They’re dry and peeling in patches.  Yes, I’ve been at the beach a lot.  Should I stop going barefoot on the sand?","['itching', 'skin_patches']"
fungal infection," The skin on my hands is red and cracking, especially between the fingers.  Yes, it stings when I use soap.  I do a lot of cleaning without gloves.  Can I still use regular hand soap?",['skin_redness']
fungal infection," My lips are sore, and the corners are cracked.  They’re red, but sometimes there’s a bit of white.  Yes, my lips have been dry, so I lick them often.  Should I stop using lip balm?",['skin_redness']
fungal infection," My baby’s diaper area is red and has small bumps.  Yes, and it seems to bother them when I clean the area.  Yes, around the folds of their thighs.  Should I stop using baby wipes?",['skin_redness']
fungal infection," I have an itchy, red rash behind my knees.  Yes, it’s scaly and feels rough to the touch.  Yes, I’ve been wearing leggings a lot lately.  Should I stop wearing leggings?","['itching', 'rash', 'skin_patches', 'skin_redness']"
fungal infection," I have white patches on my tongue that don’t go away.  No, they don’t wipe off and feel rough.  Yes, I finished a course of antibiotics last week.  Should I avoid certain foods?",[]
fungal infection," My toenails are thick and have white spots near the tips.  Yes, they break easily.  I use public showers at the pool.  Should I stop swimming?",['rash']
fungal infection," My armpits are red, itchy, and smell unusual despite using deodorant.  Yes, there’s some peeling along the edges.  I’ve been exercising a lot recently.  Should I stop using deodorant?","['itching', 'skin_redness']"
common cold," I’ve been sneezing a lot and have a runny nose.  Yes, my throat feels scratchy, and I’ve started coughing a little.  About three days now.  Should I take antibiotics?","['cough', 'runny_nose', 'sneezing']"
common cold," My nose is completely blocked, and I can’t sleep properly.  No, I haven’t. Will that help?  Should I avoid lying down flat?",[]
common cold," My throat feels sore, and I have a mild fever.  Yes, I’ve also had a runny nose and some sneezing.  Can I take pain relievers?","['fever', 'runny_nose', 'sneezing']"
common cold," I’ve lost my sense of smell and taste, but I don’t feel too sick otherwise.  Yes, my nose is pretty stuffed up.  How long will that take?",[]
common cold," I feel really tired, and I’ve had a headache for two days.  Yes, all of those.  Should I be worried about the headache?","['fatigue', 'headache']"
common cold," I’ve had a cough for about a week now.  It’s mostly dry, but sometimes there’s a little mucus.  No fever, just a mild sore throat at the beginning.  Should I see a doctor?","['cough', 'mucus', 'sore_throat']"
common cold," My eyes are watery, and my nose won’t stop running.  Yes, I’ve been sneezing a lot.  No fever, just these annoying symptoms.","['sneezing', 'watery_eyes']"
common cold, I’ve been coughing so much at night that I can’t sleep.  It’s mostly dry.  Should I use a cough syrup?,['cough']
common cold," My ears feel blocked, and I can’t hear properly.  Yes, my nose has been stuffed up for days.  What can I do about it?",[]
common cold," I keep sneezing, and my throat feels ticklish.  Yes, both.  Should I avoid going outside?",['sneezing']
common cold," My throat is sore, and I’ve been sneezing a lot.  Yes, my nose has been really stuffy.  No fever, just a little bit of fatigue.  Should I take any medication for it?  What’s the best way to get rid of the sore throat?","['fatigue', 'nasal_congestion', 'sneezing', 'sore_throat']"
common cold," I’ve had a cold for a few days, and now my nose is really blocked.  I’ve tried a nasal spray, but it doesn’t seem to help much.  How long will this congestion last?  Should I avoid going outside in the cold air?",['nasal_congestion']
common cold," I’ve been feeling really congested, and now I have a cough too.  It’s dry, but sometimes it feels like there’s something stuck in my throat.  How long should I expect the cough to last?  Can I take something to stop the coughing?","['cough', 'nasal_congestion']"
common cold," I’ve been feeling tired, and I have a stuffy nose.  No fever, but I’ve had a sore throat and a bit of a dry cough.  Should I stay home from work?  How can I manage the sore throat?","['cough', 'fatigue', 'nasal_congestion', 'sore_throat']"
common cold," My nose has been running for two days, and now I feel a bit feverish.  A little bit of body aches, but no chills.  Can I still work while I have a cold?  What should I do to reduce the congestion?","['fever', 'muscle_pain', 'nasal_congestion']"
common cold," I’ve had a cold for a few days, and now my throat hurts when I swallow.  It’s more noticeable when I swallow food or drink.  How long will this pain last?  Should I avoid certain foods while my throat hurts?",['sore_throat']
common cold," I’ve had a cold for almost a week, and now I have a cough that just won’t go away.  It’s mostly dry, but there’s some mucus towards the end of the day.  How long will this last?  Can I continue exercising?","['cough', 'mucus']"
common cold," I have a sore throat, and now I’m starting to feel achy all over.  Yes, I have a runny nose, and I’ve been sneezing a lot.  How can I manage the sore throat?  Will the body aches go away soon?","['muscle_pain', 'runny_nose', 'sneezing', 'sore_throat']"
common cold," I’ve been sneezing all day, and now my nose is stuffy.  Just a scratchy throat and mild fatigue.  How long will this last?  Should I avoid work?","['fatigue', 'nasal_congestion', 'sneezing', 'sore_throat']"
common cold," I’ve had a stuffy nose for two days, and now my throat is sore.  Yes, a lot of sneezing, but not much coughing yet.  Should I use a humidifier?  How can I relieve the sore throat?","['nasal_congestion', 'sneezing', 'sore_throat']"
common cold," I’ve had a cold for a few days, and now my nose is so blocked I can barely breathe.  I’ve tried a decongestant, but it’s not working that well.  How long should I use the saline spray?  Should I stay inside to avoid getting worse?",[]
common cold," I have a cough and a sore throat, but no fever.  Yes, I’m very congested.  What else can I do for the sore throat?  Should I take a pain reliever?","['cough', 'nasal_congestion', 'sore_throat']"
common cold," My cold has lasted for almost a week, and now I have a headache too.  It feels like sinus pressure, especially around my eyes.  How long will this headache last?  Can I continue working with this headache?",['headache']
common cold," My cold is making me feel tired all the time.  I’m resting, but I still feel exhausted.  Will the fatigue last the whole time I’m sick?  Should I stay home from work?",['fatigue']
common cold," I have a sore throat, and my nose is completely blocked.  Just some mild sneezing and fatigue.  What else can I do for the sore throat?  How long will it take for my nose to clear up?","['fatigue', 'sneezing', 'sore_throat']"
common cold," I’ve had a cold for about five days, and now I’m starting to cough.  It’s a dry cough, but I feel like there’s something in my chest.  Should I take something for the cough?  Should I be concerned about it?",['cough']
common cold," I’ve been sneezing and coughing for days, and now I have a mild fever.  It’s around 100°F.  Should I be worried about the fever?  What should I do for the sneezing?","['cough', 'fever', 'sneezing']"
common cold," I have a sore throat, but I haven’t had a runny nose or cough.  No, just the sore throat.  Should I rest more?  Should I see a doctor if my throat doesn’t get better?",['sore_throat']
common cold," I’ve had a cold for three days, and now I’m starting to get some congestion in my chest.  No wheezing, just a cough and a heavy feeling in my chest.  Can I take anything for the chest congestion?  How long will the chest congestion last?","['cough', 'nasal_congestion']"
common cold," My nose is constantly running, and I’m sneezing a lot.  Yes, I have a scratchy throat, but no cough yet.  Can I use a decongestant?  How soon should I start feeling better?","['sneezing', 'sore_throat']"
common cold," I’ve had a runny nose and sore throat for a few days, but now I’m also feeling a bit of body aches.  They’re mild, mostly in my back and shoulders.  Will the body aches go away soon?  Should I still go to work?","['muscle_pain', 'runny_nose', 'sore_throat']"
common cold," My nose is really stuffy, and I’m sneezing a lot.  No fever, but I’ve been sneezing nonstop and feeling a little fatigued.  Should I stay home from work?  How long will this cold last?","['fatigue', 'nasal_congestion', 'sneezing']"
common cold," I have a sore throat, and I’m sneezing a lot.  My nose is congested, but no fever yet.  Can I take something for the sneezing?  How soon should I feel better?","['nasal_congestion', 'sneezing', 'sore_throat']"
common cold," I’ve been sneezing a lot, and my throat is really sore.  It’s mostly my throat, but I’m also a little congested.  Should I avoid cold drinks?  How long will the sore throat last?","['nasal_congestion', 'sneezing', 'sore_throat']"
common cold," My cold symptoms started with a sore throat, and now I’m feeling really fatigued.  Yes, I’m congested, and I have a dry cough.  Should I be concerned about the fatigue?  Can I work with all these symptoms?","['cough', 'fatigue', 'nasal_congestion', 'sore_throat']"
common cold," My throat feels scratchy, and I’m constantly sneezing.  Yes, my nose is really stuffy too.  How long will I feel like this?  Is it okay to go outside while I have a cold?","['nasal_congestion', 'sneezing']"
common cold," I’ve had a sore throat and stuffy nose for a few days now.  I haven’t started coughing yet, but I’ve been feeling a bit achy.  How can I manage the sore throat?  Should I rest more or push through it?","['nasal_congestion', 'sore_throat']"
common cold," My cold started with a sore throat, but now I’ve developed a dry cough.  It’s been persistent, and it gets worse at night.  Should I take a cough suppressant?  How long will this cough last?","['cough', 'sore_throat']"
common cold," I’ve been feeling congested and sneezing a lot.  Yes, my throat is sore, but I haven’t started coughing yet.  Will the sore throat go away soon?  Should I avoid cold foods and drinks?","['nasal_congestion', 'sneezing', 'sore_throat']"
common cold," I’ve had a sore throat, runny nose, and fatigue for a few days.  It’s getting a little worse, and now I’m sneezing more.  Should I take any medication?  How long will I feel this way?","['fatigue', 'runny_nose', 'sneezing', 'sore_throat']"
dengue," I've been feeling really tired and had a high fever for the last two days.  Yes, my joints hurt a lot, and my muscles are sore.  Yes, I've noticed some spots on my skin and a mild nosebleed.","['bleeding', 'fatigue', 'fever', 'joint_pain', 'muscle_pain', 'rash']"
dengue," I suddenly developed a high fever and intense headaches.  Yes, I feel pain behind my eyes, and my muscles are aching.  I have a slight rash and a nosebleed.","['bleeding', 'eye_pain', 'fever', 'headache', 'muscle_pain', 'rash']"
dengue," I’ve been having a fever, chills, and severe muscle pain.  Yes, my joints hurt, and I feel weak.  Yes, I have some rashes, and I had a nosebleed yesterday.","['bleeding', 'chills', 'fatigue', 'fever', 'joint_pain', 'muscle_pain', 'rash']"
dengue," I have a sudden fever and feel really weak.  Yes, my muscles and joints are aching a lot.  Yes, I have a rash and had a small nosebleed.","['bleeding', 'fatigue', 'fever', 'joint_pain', 'rash']"
dengue," I’ve been feeling feverish and having severe headaches.  Yes, I have muscle pain, and it feels like my eyes are hurting.  I have a rash and some nosebleeds.","['bleeding', 'fever', 'headache', 'muscle_pain', 'rash']"
dengue," I have a fever and feel weak, with pain in my muscles and joints.  Yes, I have a rash, and my nose has been bleeding a little.","['bleeding', 'fatigue', 'fever', 'rash']"
dengue," I've been having a high fever and body aches.  Yes, my eyes hurt, and my joints feel sore.  I’ve had a rash, and I’ve experienced a nosebleed.","['bleeding', 'eye_pain', 'fever', 'joint_pain', 'muscle_pain', 'rash']"
dengue," I have a fever and feel really exhausted.  Yes, I have muscle pain, and my joints are aching too.  Yes, I have a rash, and my nose has been bleeding a bit.","['bleeding', 'fatigue', 'fever', 'joint_pain', 'muscle_pain', 'rash']"
dengue," I’ve had a fever for the past few days and feel really weak.  Yes, my muscles and joints are aching a lot.  Yes, I’ve developed a rash, and I had a nosebleed this morning.","['bleeding', 'fatigue', 'fever', 'joint_pain', 'rash']"
dengue," I’ve been feeling feverish and having severe pain behind my eyes.  Yes, my muscles and joints hurt, and my eyes feel sore.  Yes, I have some rash on my skin and had a small nosebleed.","['bleeding', 'eye_pain', 'fever', 'joint_pain', 'rash']"
dengue," I’ve been having high fever, chills, and muscle pain.  Yes, my eyes hurt, and I feel really weak.  Yes, I have a rash, and my nose has been bleeding a little.","['bleeding', 'chills', 'eye_pain', 'fatigue', 'fever', 'muscle_pain', 'rash']"
dengue," I have a fever and pain all over my body.  Yes, both my eyes and joints hurt.  Yes, I have a rash and some nosebleeds.","['bleeding', 'fever', 'joint_pain', 'rash']"
dengue," I’ve been feeling feverish and having severe joint pain.  Yes, my muscles are sore, and my eyes hurt.  Yes, I have a rash, and my nose has been bleeding a little.","['bleeding', 'eye_pain', 'fever', 'joint_pain', 'muscle_pain', 'rash']"
dengue," I have a high fever and feel weak.  Yes, both my joints and my eyes hurt.  Yes, I have a rash and had a nosebleed earlier.","['bleeding', 'eye_pain', 'fatigue', 'fever', 'rash']"
dengue," I’ve been having fever and muscle aches for the past few days.  Yes, both my eyes and joints hurt a lot.  Yes, I’ve developed a rash, and my nose is bleeding.","['bleeding', 'fever', 'joint_pain', 'muscle_pain', 'rash']"
dengue," I feel weak, and my fever won’t go down.  Yes, my muscles and joints are sore.  Yes, I have a rash, and I had a nosebleed.","['bleeding', 'fatigue', 'fever', 'joint_pain', 'rash']"
dengue," I have a high fever and my body feels sore.  Yes, my eyes hurt, and my joints are sore.  Yes, I have a rash, and my nose has been bleeding.","['bleeding', 'eye_pain', 'fever', 'joint_pain', 'rash']"
dengue," I’ve been feeling feverish, with aches and pains all over.  Yes, both my eyes and joints are sore.  Yes, I have a rash, and I’ve had some nosebleeds.","['bleeding', 'fever', 'joint_pain', 'muscle_pain', 'rash']"
dengue," I feel really weak and have a high fever.  Yes, my joints and muscles hurt a lot.  Yes, I have a rash, and my nose has bled a bit.","['fatigue', 'fever', 'muscle_pain', 'rash']"
dengue," I have a fever and feel exhausted.  Yes, my muscles and joints are aching.  Yes, I have a rash, and I had a nosebleed yesterday.","['bleeding', 'fatigue', 'fever', 'joint_pain', 'rash']"
dengue," I’ve been feeling feverish, and my muscles are sore.  Yes, both my eyes and joints are hurting.  Yes, I have a rash, and I’ve had a few nosebleeds.","['bleeding', 'fever', 'joint_pain', 'muscle_pain', 'rash']"
dengue," I feel weak, and my fever is not going away.  Yes, my muscles and joints are aching.  Yes, I have a rash, and my nose has been bleeding.","['bleeding', 'fatigue', 'joint_pain', 'rash']"
dengue," I’ve been feeling feverish with severe joint pain.  Yes, both my eyes and muscles hurt a lot.  Yes, I have a rash, and my nose has bled a little.","['fever', 'joint_pain', 'muscle_pain', 'rash']"
dengue," I have a fever, and my body feels really sore.  Yes, both my eyes and joints hurt.  Yes, I have a rash, and I had a nosebleed this morning.","['bleeding', 'fever', 'joint_pain', 'rash']"
dengue," I've been feeling feverish with severe body aches.  Yes, my eyes hurt, and my joints are sore.  Yes, I’ve had a rash, and my nose has been bleeding.","['bleeding', 'eye_pain', 'fever', 'joint_pain', 'muscle_pain', 'rash']"
dengue," I’ve been feeling really weak and feverish.  Yes, my muscles and joints are sore.  Yes, I have a rash and had a small nosebleed.","['bleeding', 'fatigue', 'fever', 'joint_pain', 'rash']"
dengue," I have a high fever, and my body is aching.  Yes, my eyes hurt, and my joints are aching.  Yes, I have a rash, and I’ve had some nosebleeds.","['bleeding', 'eye_pain', 'fever', 'joint_pain', 'rash']"
dengue," I’ve been having fever and muscle pain for two days.  Yes, both my eyes and joints hurt.  Yes, I have a rash, and I’ve had nosebleeds.","['bleeding', 'fever', 'joint_pain', 'muscle_pain', 'rash']"
dengue," I have a high fever and feel weak.  Yes, my muscles and joints are sore.  Yes, I have a rash and had a nosebleed earlier.","['bleeding', 'fatigue', 'fever', 'joint_pain', 'rash']"
dengue," I’ve been feeling feverish and have muscle aches.  Yes, both my eyes and joints hurt.  Yes, I have a rash and some nosebleeds.","['bleeding', 'fever', 'joint_pain', 'muscle_pain', 'rash']"
dengue," I've been running a fever, and my muscles are sore.  Yes, both my eyes and joints hurt.  Yes, I have a rash, and my nose has been bleeding.","['bleeding', 'fever', 'joint_pain', 'muscle_pain', 'rash']"
dengue," I have a fever and feel really weak.  Yes, my muscles and joints are very sore.  Yes, I have a rash and had a nosebleed this morning.","['bleeding', 'fatigue', 'fever', 'joint_pain', 'rash']"
dengue," I’ve been feeling feverish, and my body hurts all over.  Yes, both my eyes and joints hurt.  Yes, I have a rash, and my nose has been bleeding.","['bleeding', 'fever', 'joint_pain', 'rash']"
dengue," I have a fever, and my body is aching.  Yes, both my eyes and joints hurt.  Yes, I have a rash, and I’ve had a few nosebleeds.","['bleeding', 'fever', 'joint_pain', 'rash']"
dengue," I've been feeling weak and have a fever for the last two days.  Yes, my muscles and joints are sore.  Yes, I have a rash and had a nosebleed yesterday.","['bleeding', 'fatigue', 'fever', 'joint_pain', 'rash']"
dengue," I’ve had a fever for a couple of days, and I feel really weak.  Yes, both my eyes and joints are hurting.  Yes, I have a rash, and my nose has bled a little.","['fatigue', 'fever', 'joint_pain', 'rash']"
dengue," I’ve been feeling feverish and have body aches.  Yes, my eyes and joints hurt.  Yes, I have a rash and have experienced some nosebleeds.","['bleeding', 'fever', 'joint_pain', 'muscle_pain', 'rash']"
dengue," I have a fever and am feeling very weak.  Yes, both my muscles and joints hurt.  Yes, I have a rash and had a nosebleed earlier today.","['bleeding', 'fatigue', 'fever', 'joint_pain', 'rash']"
dengue," I've been feeling feverish and weak, with sore muscles.  Yes, my eyes hurt, and my joints are sore.  Yes, I have a rash, and I’ve had some nosebleeds.","['bleeding', 'eye_pain', 'fatigue', 'fever', 'joint_pain', 'rash']"
dengue," I have a high fever, and my muscles are sore.  Yes, both my eyes and joints hurt.  Yes, I have a rash, and I’ve had a few nosebleeds.","['bleeding', 'fever', 'joint_pain', 'muscle_pain', 'rash']"
